fixture_id,team_id,team_name,shots_on_goal,shots_off_goal,total_shots,blocked_shots,shots_insidebox,shots_outsidebox,fouls,corner_kicks,offsides,ball_possession,yellow_cards,red_cards,goalkeeper_saves,total_passes,passes_accurate,passes_%
327992,147,Coritiba,0,1,1,0,0.0,1.0,5,2.0,3.0,35%,3.0,,3.0,189.0,137.0,72%
327992,119,Internacional,4,3,8,1,5.0,3.0,13,6.0,2.0,65%,4.0,,0.0,329.0,270.0,82%
327991,123,Sport Recife,3,4,9,2,5.0,4.0,15,2.0,3.0,39%,3.0,,3.0,322.0,250.0,78%
327991,129,Ceara,5,4,11,2,7.0,4.0,18,4.0,0.0,61%,3.0,,0.0,490.0,407.0,83%
327993,154,Fortaleza EC,3,4,10,3,4.0,6.0,12,3.0,1.0,43%,3.0,1.0,3.0,343.0,291.0,85%
327993,134,Atletico Paranaense,5,4,13,4,9.0,4.0,7,4.0,1.0,57%,2.0,0.0,3.0,471.0,422.0,90%
327985,127,Flamengo,2,10,17,5,11.0,6.0,12,9.0,2.0,62%,3.0,,4.0,527.0,425.0,81%
327985,1062,Atletico-MG,4,2,10,4,4.0,6.0,24,2.0,3.0,38%,2.0,,2.0,317.0,226.0,71%
327988,128,Santos,4,5,10,1,6.0,4.0,10,4.0,4.0,53%,0.0,,5.0,444.0,362.0,82%
327988,794,Bragantino,6,8,18,4,7.0,11.0,19,2.0,2.0,47%,1.0,,3.0,375.0,303.0,81%
327990,130,Gremio,4,6,15,5,8.0,7.0,24,6.0,2.0,52%,2.0,,4.0,496.0,399.0,80%
327990,124,Fluminense,4,3,10,3,2.0,8.0,16,3.0,1.0,48%,3.0,,3.0,447.0,362.0,81%
328002,134,Atletico Paranaense,0,0,0,0,,,0,,,,,,,,,
328002,151,Goias,0,0,0,0,,,0,,,,,,,,,
327998,794,Bragantino,8,12,23,3,7.0,16.0,13,11.0,1.0,55%,3.0,,2.0,553.0,488.0,88%
327998,120,Botafogo,3,6,9,0,6.0,3.0,8,3.0,1.0,45%,1.0,,7.0,451.0,374.0,83%
327999,1062,Atletico-MG,13,9,25,3,17.0,8.0,19,8.0,3.0,55%,0.0,,2.0,516.0,425.0,82%
327999,131,Corinthians,5,2,7,0,5.0,2.0,11,4.0,1.0,45%,1.0,,10.0,423.0,321.0,76%
328001,118,Bahia,5,7,12,0,6.0,6.0,16,3.0,1.0,45%,0.0,,3.0,418.0,338.0,81%
328001,147,Coritiba,3,8,14,3,8.0,6.0,18,8.0,5.0,55%,5.0,,4.0,485.0,413.0,85%
328004,144,Atletico Goianiense,7,5,13,1,7.0,6.0,15,11.0,2.0,35%,1.0,0.0,3.0,282.0,207.0,73%
328004,127,Flamengo,3,3,8,2,5.0,3.0,19,5.0,1.0,65%,1.0,1.0,4.0,550.0,488.0,89%
327995,124,Fluminense,1,6,10,3,3.0,7.0,20,3.0,3.0,51%,3.0,,,430.0,357.0,83%
327995,121,Palmeiras,1,5,9,3,2.0,7.0,31,3.0,0.0,49%,3.0,,,399.0,328.0,82%
328003,129,Ceara,5,5,11,1,8.0,3.0,17,1.0,1.0,42%,3.0,,7.0,420.0,341.0,81%
328003,130,Gremio,8,4,14,2,10.0,4.0,7,7.0,0.0,58%,1.0,,4.0,574.0,498.0,87%
327997,126,Sao Paulo,3,7,13,3,7.0,6.0,16,5.0,4.0,52%,1.0,,3.0,475.0,415.0,87%
327997,154,Fortaleza EC,3,6,12,3,8.0,4.0,18,7.0,3.0,48%,2.0,,2.0,438.0,378.0,86%
328000,119,Internacional,7,13,25,5,15.0,10.0,28,9.0,2.0,58%,2.0,,1.0,515.0,433.0,84%
328000,128,Santos,1,3,6,2,4.0,2.0,14,4.0,2.0,42%,3.0,,5.0,377.0,301.0,80%
327996,133,Vasco DA Gama,6,2,9,1,4.0,5.0,29,5.0,1.0,45%,2.0,0.0,1.0,363.0,300.0,83%
327996,123,Sport Recife,1,8,13,4,5.0,8.0,17,8.0,4.0,55%,3.0,1.0,4.0,416.0,350.0,84%
328012,147,Coritiba,3,2,8,3,2.0,6.0,25,4.0,2.0,33%,6.0,1.0,6.0,252.0,189.0,75%
328012,127,Flamengo,7,5,18,6,9.0,9.0,16,5.0,1.0,67%,3.0,0.0,3.0,519.0,460.0,89%
328010,130,Gremio,8,9,24,7,17.0,7.0,16,7.0,,47%,2.0,,2.0,485.0,421.0,87%
328010,131,Corinthians,2,2,5,1,4.0,1.0,14,5.0,,53%,3.0,,7.0,571.0,502.0,88%
328007,121,Palmeiras,3,6,12,3,6.0,6.0,11,6.0,,66%,1.0,,4.0,670.0,583.0,87%
328007,151,Goias,5,4,10,1,5.0,5.0,16,2.0,,34%,3.0,,2.0,342.0,258.0,75%
328009,1062,Atletico-MG,6,3,11,2,5.0,6.0,14,4.0,2.0,61%,2.0,,1.0,474.0,392.0,83%
328009,129,Ceara,1,7,13,5,4.0,9.0,15,0.0,1.0,39%,4.0,,3.0,302.0,232.0,77%
328011,118,Bahia,4,4,10,2,6.0,4.0,16,3.0,2.0,42%,1.0,,2.0,376.0,281.0,75%
328011,794,Bragantino,3,7,16,6,8.0,8.0,16,7.0,1.0,58%,1.0,,2.0,502.0,413.0,82%
328006,133,Vasco DA Gama,3,5,8,0,5.0,3.0,16,3.0,1.0,40%,2.0,,4.0,380.0,312.0,82%
328006,126,Sao Paulo,5,4,11,2,7.0,4.0,15,4.0,1.0,60%,5.0,,1.0,553.0,479.0,87%
328005,124,Fluminense,5,2,10,3,8.0,2.0,13,1.0,1.0,43%,2.0,,1.0,339.0,259.0,76%
328005,119,Internacional,3,4,9,2,5.0,4.0,24,4.0,1.0,57%,2.0,,3.0,434.0,339.0,78%
328013,154,Fortaleza EC,1,8,12,3,5.0,7.0,9,4.0,2.0,58%,2.0,,6.0,561.0,509.0,91%
328013,120,Botafogo,6,6,15,3,6.0,9.0,8,7.0,1.0,42%,1.0,,1.0,394.0,343.0,87%
328008,128,Santos,6,5,11,0,6.0,5.0,9,2.0,,32%,1.0,,1.0,292.0,225.0,77%
328008,134,Atletico Paranaense,2,6,12,4,6.0,6.0,22,6.0,,68%,1.0,,3.0,587.0,524.0,89%
328014,144,Atletico Goianiense,4,5,10,1,4.0,6.0,13,4.0,0.0,31%,2.0,1.0,3.0,234.0,156.0,67%
328014,123,Sport Recife,4,8,15,3,9.0,6.0,15,9.0,2.0,69%,2.0,0.0,3.0,504.0,418.0,83%
328015,127,Flamengo,2,4,8,2,4.0,4.0,17,1.0,1.0,60%,3.0,,1.0,595.0,522.0,88%
328015,130,Gremio,2,5,10,3,5.0,5.0,20,2.0,3.0,40%,3.0,,1.0,388.0,311.0,80%
328018,794,Bragantino,3,6,13,4,7.0,6.0,19,6.0,2.0,52%,5.0,,3.0,438.0,359.0,82%
328018,124,Fluminense,4,3,9,2,3.0,6.0,14,4.0,0.0,48%,5.0,,1.0,402.0,322.0,80%
328022,134,Atletico Paranaense,0,5,6,1,3.0,3.0,20,5.0,0.0,56%,5.0,,2.0,452.0,361.0,80%
328022,121,Palmeiras,3,6,10,1,5.0,5.0,19,7.0,2.0,44%,0.0,,0.0,341.0,267.0,78%
328020,119,Internacional,5,3,11,3,6.0,5.0,19,4.0,1.0,56%,3.0,1.0,1.0,442.0,370.0,84%
328020,144,Atletico Goianiense,1,5,7,1,2.0,5.0,17,3.0,2.0,44%,2.0,0.0,2.0,334.0,245.0,73%
328024,151,Goias,4,9,13,0,4.0,9.0,16,2.0,3.0,47%,4.0,,0.0,331.0,263.0,79%
328024,154,Fortaleza EC,3,5,13,5,7.0,6.0,15,6.0,2.0,53%,2.0,,3.0,381.0,300.0,79%
328016,120,Botafogo,5,3,10,2,9.0,1.0,9,7.0,1.0,26%,2.0,,8.0,210.0,133.0,63%
328016,1062,Atletico-MG,9,13,31,9,21.0,10.0,10,16.0,2.0,74%,0.0,,3.0,608.0,530.0,87%
328019,131,Corinthians,13,6,23,4,16.0,7.0,15,10.0,0.0,62%,2.0,0.0,3.0,583.0,534.0,92%
328019,147,Coritiba,4,3,9,2,3.0,6.0,7,0.0,3.0,38%,1.0,1.0,9.0,354.0,293.0,83%
328021,123,Sport Recife,5,3,11,3,9.0,2.0,23,4.0,1.0,41%,4.0,,4.0,347.0,269.0,78%
328021,128,Santos,5,10,16,1,4.0,12.0,17,5.0,1.0,59%,2.0,,5.0,514.0,439.0,85%
328017,126,Sao Paulo,5,12,24,7,14.0,10.0,14,5.0,4.0,67%,2.0,,3.0,618.0,562.0,91%
328017,118,Bahia,4,2,8,2,6.0,2.0,16,6.0,1.0,33%,2.0,,4.0,295.0,201.0,68%
328023,129,Ceara,2,9,22,11,10.0,12.0,18,13.0,1.0,58%,3.0,,1.0,479.0,411.0,86%
328023,133,Vasco DA Gama,4,0,5,1,3.0,2.0,14,2.0,2.0,42%,3.0,,2.0,361.0,293.0,81%
328032,134,Atletico Paranaense,5,6,14,3,8.0,6.0,21,7.0,1.0,65%,4.0,,2.0,607.0,527.0,87%
328032,124,Fluminense,2,3,9,4,3.0,6.0,12,2.0,2.0,35%,3.0,,5.0,327.0,241.0,74%
328030,119,Internacional,3,1,6,2,2.0,4.0,20,2.0,3.0,33%,1.0,,0.0,306.0,190.0,62%
328030,1062,Atletico-MG,1,5,11,5,4.0,7.0,21,5.0,1.0,67%,2.0,,2.0,620.0,505.0,81%
328034,151,Goias,2,3,6,1,4.0,2.0,26,3.0,5.0,33%,5.0,,4.0,274.0,187.0,68%
328034,144,Atletico Goianiense,4,9,16,3,6.0,10.0,18,11.0,2.0,67%,2.0,,0.0,536.0,437.0,82%
328025,127,Flamengo,5,5,15,5,7.0,8.0,15,5.0,0.0,67%,3.0,,0.0,638.0,566.0,89%
328025,120,Botafogo,1,4,7,2,6.0,1.0,17,4.0,2.0,33%,3.0,,4.0,309.0,243.0,79%
328027,121,Palmeiras,5,6,17,6,8.0,9.0,21,5.0,4.0,49%,5.0,0.0,2.0,362.0,281.0,78%
328027,128,Santos,2,4,9,3,2.0,7.0,14,6.0,0.0,51%,4.0,1.0,3.0,372.0,281.0,76%
328026,133,Vasco DA Gama,3,6,10,1,7.0,3.0,23,6.0,1.0,46%,5.0,,4.0,413.0,333.0,81%
328026,130,Gremio,4,5,14,5,6.0,8.0,17,4.0,0.0,54%,2.0,,3.0,473.0,391.0,83%
328028,794,Bragantino,2,5,15,8,4.0,11.0,17,10.0,1.0,47%,2.0,1.0,2.0,324.0,263.0,81%
328028,147,Coritiba,4,1,7,2,4.0,3.0,18,3.0,2.0,53%,0.0,0.0,1.0,397.0,297.0,75%
328033,129,Ceara,4,5,11,2,7.0,4.0,21,6.0,1.0,38%,1.0,,7.0,336.0,259.0,77%
328033,118,Bahia,7,7,16,2,10.0,6.0,7,11.0,1.0,62%,2.0,,2.0,539.0,456.0,85%
328031,123,Sport Recife,2,7,10,1,4.0,6.0,21,0.0,1.0,54%,2.0,,3.0,518.0,450.0,87%
328031,126,Sao Paulo,4,3,11,4,6.0,5.0,25,3.0,0.0,46%,3.0,,2.0,429.0,359.0,84%
328087,126,Sao Paulo,5,8,15,2,8.0,7.0,13,4.0,3.0,56%,2.0,,2.0,604.0,529.0,88%
328087,134,Atletico Paranaense,2,3,5,0,4.0,1.0,16,1.0,1.0,44%,1.0,,5.0,460.0,369.0,80%
328029,131,Corinthians,7,10,21,4,12.0,9.0,14,5.0,0.0,58%,0.0,,2.0,583.0,501.0,86%
328029,154,Fortaleza EC,3,8,11,0,6.0,5.0,12,1.0,4.0,42%,2.0,,6.0,407.0,332.0,82%
328036,120,Botafogo,2,4,7,1,3.0,4.0,14,5.0,2.0,48%,3.0,,2.0,472.0,397.0,84%
328036,119,Internacional,4,2,7,1,5.0,2.0,24,3.0,2.0,52%,1.0,,2.0,512.0,441.0,86%
328041,118,Bahia,1,1,9,7,3.0,6.0,15,8.0,1.0,49%,2.0,,4.0,419.0,346.0,83%
328041,121,Palmeiras,5,3,11,3,6.0,5.0,16,2.0,4.0,51%,2.0,,0.0,454.0,369.0,81%
328035,124,Fluminense,3,6,12,3,6.0,6.0,19,2.0,1.0,46%,4.0,0.0,3.0,450.0,387.0,86%
328035,133,Vasco DA Gama,4,3,9,2,5.0,4.0,16,4.0,1.0,54%,1.0,1.0,1.0,520.0,443.0,85%
328043,154,Fortaleza EC,6,6,13,1,9.0,4.0,23,3.0,0.0,59%,2.0,0.0,2.0,568.0,496.0,87%
328043,794,Bragantino,2,3,6,1,1.0,5.0,9,4.0,1.0,41%,2.0,1.0,3.0,384.0,322.0,84%
328037,126,Sao Paulo,5,7,14,2,5.0,9.0,16,7.0,2.0,53%,3.0,,4.0,434.0,373.0,86%
328037,131,Corinthians,5,2,7,0,3.0,4.0,22,4.0,1.0,47%,0.0,,3.0,387.0,302.0,78%
328038,128,Santos,5,11,22,6,13.0,9.0,14,9.0,5.0,52%,5.0,,5.0,420.0,356.0,85%
328038,127,Flamengo,6,4,10,0,10.0,0.0,26,2.0,1.0,48%,7.0,,5.0,399.0,321.0,80%
328042,147,Coritiba,3,6,13,4,9.0,4.0,14,5.0,0.0,58%,1.0,,1.0,556.0,478.0,86%
328042,123,Sport Recife,2,4,7,1,3.0,4.0,19,2.0,1.0,42%,4.0,,2.0,383.0,303.0,79%
328044,144,Atletico Goianiense,4,8,14,2,5.0,9.0,16,4.0,1.0,53%,1.0,1.0,3.0,358.0,286.0,80%
328044,129,Ceara,5,2,12,5,6.0,6.0,10,4.0,2.0,47%,2.0,0.0,4.0,306.0,225.0,74%
328045,124,Fluminense,4,4,11,3,7.0,4.0,14,2.0,0.0,43%,4.0,1.0,2.0,368.0,288.0,78%
328045,144,Atletico Goianiense,3,9,15,3,6.0,9.0,16,9.0,1.0,57%,1.0,0.0,3.0,468.0,397.0,85%
328054,151,Goias,3,7,11,1,8.0,3.0,16,3.0,1.0,45%,1.0,,3.0,443.0,376.0,85%
328054,131,Corinthians,4,5,11,2,9.0,2.0,12,6.0,0.0,55%,3.0,,3.0,511.0,445.0,87%
328051,118,Bahia,6,6,14,2,6.0,8.0,8,5.0,2.0,41%,1.0,,3.0,459.0,382.0,83%
328051,127,Flamengo,9,7,20,4,13.0,7.0,17,6.0,2.0,59%,2.0,,3.0,647.0,557.0,86%
328046,120,Botafogo,6,9,17,2,7.0,10.0,23,6.0,1.0,54%,1.0,,3.0,519.0,436.0,84%
328046,147,Coritiba,3,2,7,2,1.0,6.0,21,6.0,0.0,46%,1.0,,5.0,433.0,349.0,81%
328052,134,Atletico Paranaense,5,3,11,3,6.0,5.0,15,2.0,1.0,57%,2.0,,2.0,503.0,421.0,84%
328052,794,Bragantino,3,8,18,7,6.0,12.0,12,8.0,0.0,43%,2.0,,4.0,354.0,274.0,77%
328053,129,Ceara,4,5,9,0,5.0,4.0,22,2.0,4.0,27%,2.0,,0.0,231.0,164.0,71%
328053,154,Fortaleza EC,0,3,5,2,0.0,5.0,18,6.0,2.0,73%,2.0,,3.0,620.0,532.0,86%
328047,121,Palmeiras,1,5,11,5,7.0,4.0,21,5.0,1.0,48%,3.0,,1.0,372.0,273.0,73%
328047,119,Internacional,2,2,8,4,4.0,4.0,23,4.0,0.0,52%,5.0,,0.0,403.0,304.0,75%
328048,128,Santos,5,5,13,3,5.0,8.0,17,9.0,2.0,62%,2.0,,1.0,423.0,362.0,86%
328048,133,Vasco DA Gama,3,3,9,3,4.0,5.0,21,2.0,1.0,38%,3.0,,3.0,267.0,205.0,77%
328049,1062,Atletico-MG,8,3,14,3,11.0,3.0,18,5.0,3.0,51%,,,4.0,496.0,407.0,82%
328049,126,Sao Paulo,4,7,13,2,7.0,6.0,11,3.0,1.0,49%,,,5.0,468.0,368.0,79%
328050,130,Gremio,7,15,29,7,14.0,15.0,10,11.0,1.0,72%,1.0,,1.0,680.0,588.0,86%
328050,123,Sport Recife,3,2,5,0,2.0,3.0,11,1.0,1.0,28%,5.0,,6.0,277.0,168.0,61%
328055,127,Flamengo,8,9,18,1,8.0,10.0,12,11.0,3.0,61%,1.0,,1.0,517.0,457.0,88%
328055,154,Fortaleza EC,2,2,4,0,4.0,0.0,21,3.0,4.0,39%,1.0,,6.0,330.0,266.0,81%
328063,129,Ceara,8,6,16,2,9.0,7.0,21,7.0,0.0,61%,4.0,2.0,3.0,425.0,354.0,83%
328063,128,Santos,4,2,7,1,5.0,2.0,16,5.0,3.0,39%,4.0,2.0,8.0,269.0,203.0,75%
328059,131,Corinthians,6,5,15,4,9.0,6.0,18,12.0,1.0,61%,3.0,,1.0,545.0,478.0,88%
328059,120,Botafogo,3,8,13,2,5.0,8.0,10,6.0,2.0,39%,1.0,,4.0,339.0,276.0,81%
328058,794,Bragantino,4,8,20,8,6.0,14.0,23,5.0,1.0,38%,1.0,1.0,2.0,350.0,276.0,79%
328058,121,Palmeiras,4,7,14,3,9.0,5.0,12,3.0,2.0,62%,3.0,0.0,3.0,580.0,498.0,86%
328060,119,Internacional,5,2,9,2,5.0,4.0,11,8.0,1.0,61%,2.0,,1.0,528.0,447.0,85%
328060,118,Bahia,4,3,9,2,6.0,3.0,12,5.0,2.0,39%,3.0,,3.0,326.0,228.0,70%
328057,126,Sao Paulo,3,9,15,3,12.0,3.0,21,3.0,0.0,50%,3.0,,3.0,463.0,374.0,81%
328057,124,Fluminense,4,2,10,4,3.0,7.0,13,2.0,2.0,50%,0.0,,0.0,451.0,362.0,80%
328056,133,Vasco DA Gama,2,5,8,1,2.0,6.0,7,3.0,2.0,32%,1.0,,4.0,293.0,220.0,75%
328056,134,Atletico Paranaense,4,4,14,6,7.0,7.0,16,2.0,1.0,68%,1.0,,1.0,603.0,523.0,87%
328061,123,Sport Recife,6,6,17,5,9.0,8.0,18,9.0,1.0,52%,1.0,,4.0,486.0,406.0,84%
328061,151,Goias,4,5,10,1,6.0,4.0,17,4.0,0.0,48%,0.0,,4.0,453.0,385.0,85%
328062,147,Coritiba,3,5,13,5,6.0,7.0,14,4.0,0.0,47%,1.0,,1.0,440.0,352.0,80%
328062,1062,Atletico-MG,2,14,21,5,12.0,9.0,19,4.0,2.0,53%,3.0,,3.0,476.0,406.0,85%
328064,144,Atletico Goianiense,2,6,8,0,4.0,4.0,16,3.0,0.0,49%,1.0,0.0,1.0,459.0,392.0,85%
328064,130,Gremio,2,4,6,0,4.0,2.0,13,3.0,1.0,51%,4.0,1.0,1.0,471.0,392.0,83%
328072,134,Atletico Paranaense,3,9,17,5,9.0,8.0,19,7.0,3.0,61%,1.0,,4.0,509.0,457.0,90%
328072,120,Botafogo,5,3,11,3,6.0,5.0,10,3.0,2.0,39%,0.0,,2.0,310.0,253.0,82%
328074,151,Goias,6,7,18,5,11.0,7.0,27,9.0,0.0,54%,6.0,1.0,0.0,459.0,396.0,86%
328074,147,Coritiba,3,5,13,5,8.0,5.0,13,2.0,2.0,46%,2.0,1.0,4.0,396.0,325.0,82%
328073,154,Fortaleza EC,4,7,12,1,7.0,5.0,27,6.0,0.0,52%,5.0,,1.0,410.0,359.0,88%
328073,123,Sport Recife,1,2,4,1,1.0,3.0,14,1.0,2.0,48%,1.0,,3.0,383.0,317.0,83%
328067,126,Sao Paulo,5,5,14,4,6.0,8.0,18,5.0,5.0,59%,4.0,,1.0,491.0,418.0,85%
328067,794,Bragantino,2,5,10,3,4.0,6.0,18,1.0,2.0,41%,2.0,,3.0,341.0,254.0,74%
328065,124,Fluminense,3,7,17,7,6.0,11.0,15,7.0,1.0,47%,1.0,,4.0,445.0,373.0,84%
328065,127,Flamengo,6,6,13,1,9.0,4.0,16,6.0,2.0,53%,1.0,,2.0,508.0,447.0,88%
328068,128,Santos,4,3,8,1,5.0,3.0,11,4.0,4.0,41%,1.0,0.0,3.0,300.0,229.0,76%
328068,1062,Atletico-MG,4,6,16,6,12.0,4.0,15,5.0,1.0,59%,2.0,1.0,1.0,424.0,335.0,79%
328071,118,Bahia,6,9,17,2,9.0,8.0,12,8.0,1.0,49%,1.0,1.0,4.0,456.0,414.0,91%
328071,130,Gremio,6,9,18,3,13.0,5.0,9,4.0,2.0,51%,4.0,1.0,6.0,476.0,416.0,87%
328070,119,Internacional,9,7,17,1,11.0,6.0,15,10.0,1.0,61%,0.0,,0.0,517.0,421.0,81%
328070,129,Ceara,1,5,6,0,3.0,3.0,16,3.0,1.0,39%,2.0,,7.0,317.0,218.0,69%
328069,131,Corinthians,4,4,10,2,5.0,5.0,13,5.0,1.0,54%,4.0,2.0,6.0,517.0,469.0,91%
328069,121,Palmeiras,8,8,21,5,14.0,7.0,16,6.0,2.0,46%,2.0,0.0,4.0,437.0,387.0,89%
328066,133,Vasco DA Gama,5,2,9,2,5.0,4.0,15,1.0,0.0,54%,2.0,1.0,5.0,471.0,391.0,83%
328066,144,Atletico Goianiense,7,4,13,2,7.0,6.0,23,4.0,1.0,46%,1.0,0.0,4.0,380.0,310.0,82%
328082,134,Atletico Paranaense,2,6,10,2,5.0,5.0,21,9.0,3.0,43%,4.0,0.0,1.0,349.0,303.0,87%
328082,147,Coritiba,1,2,5,2,1.0,4.0,12,6.0,3.0,57%,2.0,1.0,1.0,463.0,395.0,85%
328078,128,Santos,5,4,10,1,5.0,5.0,18,5.0,1.0,54%,3.0,,4.0,412.0,337.0,82%
328078,126,Sao Paulo,6,3,12,3,6.0,6.0,20,2.0,3.0,46%,2.0,,4.0,338.0,275.0,81%
328075,124,Fluminense,3,7,15,5,8.0,7.0,14,5.0,0.0,48%,2.0,1.0,2.0,352.0,292.0,83%
328075,131,Corinthians,3,5,9,1,5.0,4.0,15,8.0,2.0,52%,4.0,0.0,1.0,378.0,319.0,84%
328080,130,Gremio,3,4,14,7,6.0,8.0,11,6.0,2.0,56%,1.0,1.0,1.0,532.0,478.0,90%
328080,154,Fortaleza EC,2,0,3,1,1.0,2.0,13,2.0,0.0,44%,2.0,1.0,2.0,424.0,371.0,88%
328081,118,Bahia,2,3,9,4,4.0,5.0,16,5.0,5.0,52%,2.0,1.0,2.0,429.0,343.0,80%
328081,144,Atletico Goianiense,4,4,12,4,5.0,7.0,20,5.0,1.0,48%,2.0,0.0,1.0,380.0,301.0,79%
328083,129,Ceara,3,3,8,2,5.0,3.0,8,5.0,2.0,37%,1.0,,2.0,342.0,250.0,73%
328083,127,Flamengo,2,7,11,2,6.0,5.0,6,8.0,2.0,63%,0.0,,1.0,570.0,482.0,85%
328084,151,Goias,1,3,6,2,3.0,3.0,10,0.0,1.0,21%,4.0,1.0,4.0,170.0,107.0,63%
328084,119,Internacional,4,5,15,6,10.0,5.0,14,12.0,5.0,79%,3.0,0.0,0.0,572.0,520.0,91%
328079,1062,Atletico-MG,7,5,14,2,11.0,3.0,13,8.0,5.0,64%,1.0,,3.0,556.0,474.0,85%
328079,794,Bragantino,4,6,12,2,4.0,8.0,18,3.0,0.0,36%,1.0,,5.0,306.0,230.0,75%
328077,121,Palmeiras,7,7,20,6,9.0,11.0,15,6.0,3.0,63%,3.0,1.0,2.0,567.0,495.0,87%
328077,123,Sport Recife,4,3,9,2,8.0,1.0,12,2.0,1.0,37%,3.0,1.0,5.0,327.0,251.0,77%
328076,120,Botafogo,9,12,25,4,17.0,8.0,18,5.0,0.0,49%,2.0,,3.0,426.0,355.0,83%
328076,133,Vasco DA Gama,6,5,14,3,7.0,7.0,8,4.0,2.0,51%,2.0,,7.0,443.0,361.0,81%
328089,131,Corinthians,5,4,11,2,5.0,6.0,15,4.0,1.0,33%,3.0,,4.0,277.0,201.0,73%
328089,118,Bahia,7,13,25,5,15.0,10.0,13,11.0,5.0,67%,2.0,,2.0,533.0,474.0,89%
328094,144,Atletico Goianiense,9,3,15,3,8.0,7.0,16,6.0,1.0,44%,2.0,,4.0,359.0,275.0,77%
328094,1062,Atletico-MG,8,4,14,2,8.0,6.0,14,4.0,4.0,56%,0.0,,6.0,468.0,394.0,84%
328093,154,Fortaleza EC,3,7,12,2,8.0,4.0,9,3.0,2.0,42%,1.0,,1.0,318.0,244.0,77%
328093,119,Internacional,1,7,11,3,8.0,3.0,20,7.0,2.0,58%,3.0,,2.0,420.0,355.0,85%
328088,794,Bragantino,9,8,18,1,12.0,6.0,24,5.0,2.0,42%,4.0,,4.0,308.0,237.0,77%
328088,129,Ceara,6,4,13,3,9.0,4.0,11,9.0,1.0,58%,3.0,,5.0,417.0,343.0,82%
328090,130,Gremio,3,5,13,5,7.0,6.0,21,6.0,0.0,63%,2.0,,1.0,590.0,505.0,86%
328090,121,Palmeiras,2,4,9,3,2.0,7.0,21,3.0,2.0,37%,3.0,,2.0,336.0,257.0,76%
328092,147,Coritiba,2,5,11,4,7.0,4.0,14,6.0,3.0,54%,1.0,,3.0,497.0,428.0,86%
328092,133,Vasco DA Gama,3,5,11,3,5.0,6.0,15,6.0,0.0,46%,2.0,,1.0,415.0,358.0,86%
328086,120,Botafogo,1,6,7,0,6.0,1.0,15,8.0,0.0,44%,4.0,,6.0,321.0,247.0,77%
328086,128,Santos,6,10,21,5,9.0,12.0,13,10.0,1.0,56%,2.0,,0.0,416.0,349.0,84%
328091,123,Sport Recife,3,2,8,3,5.0,3.0,10,5.0,3.0,26%,0.0,,4.0,251.0,174.0,69%
328091,124,Fluminense,4,9,18,5,14.0,4.0,9,8.0,3.0,74%,1.0,,2.0,700.0,615.0,88%
328101,123,Sport Recife,2,3,9,4,4.0,5.0,11,3.0,1.0,47%,3.0,,2.0,451.0,371.0,82%
328101,131,Corinthians,2,8,16,6,9.0,7.0,15,8.0,2.0,53%,4.0,,1.0,486.0,420.0,86%
328100,119,Internacional,1,0,4,3,1.0,3.0,16,1.0,3.0,42%,2.0,1.0,5.0,401.0,303.0,76%
328100,126,Sao Paulo,6,7,19,6,10.0,9.0,16,4.0,0.0,58%,0.0,0.0,0.0,536.0,444.0,83%
328102,134,Atletico Paranaense,3,8,13,2,7.0,6.0,20,1.0,2.0,55%,4.0,,4.0,528.0,446.0,84%
328102,118,Bahia,4,6,14,4,10.0,4.0,11,6.0,4.0,45%,1.0,,3.0,410.0,334.0,81%
328099,1062,Atletico-MG,6,7,20,7,14.0,6.0,20,9.0,,53%,1.0,,3.0,478.0,398.0,83%
328099,130,Gremio,4,5,9,0,7.0,2.0,11,4.0,,47%,1.0,,3.0,408.0,330.0,81%
328096,133,Vasco DA Gama,1,4,11,6,3.0,8.0,9,2.0,4.0,57%,2.0,,2.0,511.0,459.0,90%
328096,794,Bragantino,3,6,12,3,5.0,7.0,16,5.0,1.0,43%,1.0,,0.0,363.0,304.0,84%
328097,121,Palmeiras,7,7,17,3,4.0,13.0,14,5.0,1.0,59%,4.0,,3.0,493.0,430.0,87%
328097,127,Flamengo,4,4,10,2,5.0,5.0,16,4.0,0.0,41%,2.0,,6.0,335.0,273.0,81%
328103,129,Ceara,5,8,19,6,9.0,10.0,13,11.0,9.0,59%,3.0,,5.0,411.0,327.0,80%
328103,151,Goias,7,2,10,1,7.0,3.0,14,7.0,3.0,41%,4.0,,3.0,286.0,204.0,71%
328104,144,Atletico Goianiense,2,5,10,3,8.0,2.0,16,7.0,2.0,53%,2.0,,4.0,406.0,343.0,84%
328104,120,Botafogo,5,6,16,5,8.0,8.0,12,5.0,0.0,47%,3.0,,1.0,359.0,293.0,82%
328098,128,Santos,6,6,15,3,12.0,3.0,12,9.0,1.0,54%,1.0,,2.0,416.0,359.0,86%
328098,154,Fortaleza EC,3,6,12,3,5.0,7.0,20,5.0,1.0,46%,1.0,,5.0,369.0,314.0,85%
328095,124,Fluminense,7,4,15,4,8.0,7.0,16,5.0,0.0,43%,1.0,0.0,1.0,409.0,344.0,84%
328095,147,Coritiba,1,5,10,4,6.0,4.0,19,4.0,3.0,57%,1.0,1.0,3.0,532.0,462.0,87%
327986,120,Botafogo,2,8,15,5,8.0,7.0,18,8.0,0.0,61%,2.0,1.0,2.0,502.0,435.0,87%
327986,118,Bahia,4,7,12,1,6.0,6.0,14,5.0,1.0,39%,3.0,0.0,1.0,322.0,239.0,74%
327989,131,Corinthians,4,8,12,0,10.0,2.0,18,4.0,4.0,53%,2.0,,5.0,461.0,386.0,84%
327989,144,Atletico Goianiense,6,7,18,5,7.0,11.0,12,7.0,2.0,47%,0.0,,4.0,397.0,323.0,81%
328110,130,Gremio,5,4,14,5,6.0,8.0,15,5.0,1.0,46%,2.0,1.0,1.0,388.0,301.0,78%
328110,119,Internacional,2,5,8,1,5.0,3.0,16,5.0,1.0,54%,1.0,1.0,4.0,453.0,359.0,79%
328107,121,Palmeiras,11,11,28,6,11.0,17.0,10,9.0,1.0,63%,1.0,,4.0,560.0,481.0,86%
328107,129,Ceara,5,2,10,3,6.0,4.0,20,4.0,0.0,37%,4.0,,9.0,319.0,239.0,75%
328108,794,Bragantino,2,5,10,3,3.0,7.0,18,3.0,1.0,40%,1.0,,4.0,377.0,302.0,80%
328108,131,Corinthians,4,4,12,4,3.0,9.0,13,8.0,1.0,60%,2.0,,2.0,555.0,478.0,86%
328106,120,Botafogo,7,8,17,2,11.0,6.0,20,7.0,0.0,51%,0.0,,5.0,385.0,311.0,81%
328106,124,Fluminense,5,3,8,0,3.0,5.0,21,4.0,2.0,49%,1.0,,6.0,365.0,288.0,79%
328105,127,Flamengo,7,4,13,2,8.0,5.0,18,4.0,2.0,54%,3.0,,2.0,446.0,379.0,85%
328105,134,Atletico Paranaense,3,5,10,2,7.0,3.0,22,5.0,2.0,46%,4.0,,4.0,376.0,301.0,80%
328112,147,Coritiba,1,2,3,0,1.0,2.0,13,2.0,0.0,25%,2.0,,4.0,234.0,151.0,65%
328112,126,Sao Paulo,5,9,19,5,13.0,6.0,12,11.0,2.0,75%,3.0,,0.0,671.0,597.0,89%
328111,118,Bahia,11,8,24,5,15.0,9.0,15,11.0,2.0,59%,2.0,,0.0,488.0,403.0,83%
328111,123,Sport Recife,2,2,5,1,5.0,0.0,13,0.0,0.0,41%,3.0,,10.0,361.0,261.0,72%
328114,151,Goias,4,9,14,1,4.0,10.0,16,2.0,4.0,54%,5.0,1.0,2.0,384.0,319.0,83%
328114,128,Santos,4,3,10,3,6.0,4.0,15,4.0,0.0,46%,3.0,1.0,2.0,317.0,247.0,78%
328113,154,Fortaleza EC,4,8,15,3,11.0,4.0,8,8.0,1.0,59%,5.0,,2.0,516.0,440.0,85%
328113,144,Atletico Goianiense,2,4,7,1,5.0,2.0,14,1.0,0.0,41%,5.0,,4.0,347.0,271.0,78%
328109,1062,Atletico-MG,7,11,21,3,13.0,8.0,24,6.0,4.0,59%,3.0,0.0,1.0,493.0,430.0,87%
328109,133,Vasco DA Gama,2,1,5,2,4.0,1.0,10,3.0,2.0,41%,4.0,1.0,3.0,326.0,252.0,77%
328121,118,Bahia,6,3,13,4,7.0,6.0,18,4.0,0.0,46%,4.0,0.0,1.0,447.0,380.0,85%
328121,133,Vasco DA Gama,1,6,10,3,4.0,6.0,15,6.0,1.0,54%,4.0,1.0,3.0,497.0,439.0,88%
328115,127,Flamengo,6,5,16,5,9.0,7.0,14,8.0,1.0,63%,0.0,,1.0,572.0,508.0,89%
328115,123,Sport Recife,1,7,14,6,9.0,5.0,16,6.0,1.0,37%,3.0,,3.0,326.0,254.0,78%
328120,130,Gremio,5,4,11,2,6.0,5.0,18,6.0,1.0,49%,2.0,,2.0,466.0,391.0,84%
328120,147,Coritiba,3,6,13,4,5.0,8.0,21,6.0,4.0,51%,2.0,,3.0,475.0,399.0,84%
328117,126,Sao Paulo,8,8,25,9,15.0,10.0,17,5.0,1.0,51%,3.0,,5.0,431.0,365.0,85%
328117,144,Atletico Goianiense,5,8,15,2,7.0,8.0,12,3.0,2.0,49%,2.0,,6.0,415.0,338.0,81%
328124,151,Goias,3,7,12,2,9.0,3.0,19,5.0,0.0,43%,3.0,,1.0,347.0,267.0,77%
328124,124,Fluminense,5,3,10,2,8.0,2.0,15,4.0,4.0,57%,2.0,,1.0,472.0,402.0,85%
328119,131,Corinthians,4,6,13,3,6.0,7.0,19,6.0,,61%,2.0,,1.0,558.0,475.0,85%
328119,128,Santos,2,2,6,2,3.0,3.0,16,3.0,,39%,2.0,,3.0,337.0,257.0,76%
328116,120,Botafogo,4,2,11,5,6.0,5.0,16,2.0,0.0,35%,4.0,,3.0,298.0,225.0,76%
328116,121,Palmeiras,4,10,19,5,11.0,8.0,15,5.0,2.0,65%,4.0,,2.0,534.0,462.0,87%
328123,154,Fortaleza EC,3,1,7,3,3.0,4.0,9,1.0,1.0,31%,4.0,1.0,3.0,263.0,199.0,76%
328123,1062,Atletico-MG,4,10,15,1,6.0,9.0,19,8.0,2.0,69%,3.0,0.0,1.0,577.0,512.0,89%
328122,134,Atletico Paranaense,1,7,15,7,5.0,10.0,11,3.0,2.0,62%,3.0,,4.0,579.0,518.0,89%
328122,129,Ceara,4,6,13,3,3.0,10.0,12,3.0,2.0,38%,2.0,,1.0,350.0,278.0,79%
328118,794,Bragantino,2,3,13,8,6.0,7.0,18,7.0,2.0,47%,3.0,1.0,3.0,404.0,317.0,78%
328118,119,Internacional,5,2,8,1,5.0,3.0,22,2.0,1.0,53%,3.0,0.0,2.0,460.0,386.0,84%
328126,133,Vasco DA Gama,4,6,13,3,6.0,7.0,14,5.0,3.0,37%,2.0,,1.0,344.0,268.0,78%
328126,127,Flamengo,3,2,8,3,3.0,5.0,25,5.0,2.0,63%,5.0,,3.0,571.0,495.0,87%
328127,121,Palmeiras,3,4,9,2,4.0,5.0,15,8.0,2.0,47%,2.0,,2.0,425.0,360.0,85%
328127,126,Sao Paulo,4,6,13,3,9.0,4.0,17,4.0,0.0,53%,1.0,,3.0,484.0,402.0,83%
328132,147,Coritiba,2,7,10,1,3.0,7.0,20,2.0,,45%,1.0,,2.0,408.0,360.0,88%
328132,154,Fortaleza EC,2,5,12,5,5.0,7.0,12,4.0,,55%,0.0,,2.0,498.0,429.0,86%
328129,1062,Atletico-MG,11,8,23,4,14.0,9.0,14,8.0,4.0,66%,0.0,,3.0,614.0,522.0,85%
328129,151,Goias,3,0,4,1,2.0,2.0,11,1.0,1.0,34%,1.0,,8.0,315.0,213.0,68%
328125,124,Fluminense,2,5,8,1,4.0,4.0,26,3.0,,48%,2.0,,1.0,401.0,312.0,78%
328125,118,Bahia,1,7,12,4,6.0,6.0,18,4.0,,52%,3.0,,1.0,429.0,358.0,83%
328128,128,Santos,6,4,11,1,7.0,4.0,17,4.0,3.0,55%,2.0,0.0,3.0,402.0,304.0,76%
328128,130,Gremio,4,5,11,2,7.0,4.0,14,7.0,2.0,45%,4.0,1.0,4.0,314.0,229.0,73%
328131,123,Sport Recife,3,10,17,4,10.0,7.0,11,6.0,,62%,3.0,0.0,2.0,528.0,449.0,85%
328131,120,Botafogo,4,5,11,2,7.0,4.0,15,8.0,,38%,3.0,1.0,2.0,314.0,245.0,78%
328134,144,Atletico Goianiense,8,13,24,3,14.0,10.0,17,7.0,0.0,52%,1.0,,4.0,368.0,281.0,76%
328134,794,Bragantino,5,8,19,6,10.0,9.0,18,11.0,2.0,48%,1.0,,6.0,336.0,261.0,78%
328130,119,Internacional,6,2,13,5,10.0,3.0,19,6.0,3.0,45%,2.0,,3.0,404.0,307.0,76%
328130,134,Atletico Paranaense,4,6,14,4,6.0,8.0,14,1.0,2.0,55%,0.0,,3.0,483.0,389.0,81%
328133,129,Ceara,4,10,15,1,10.0,5.0,9,6.0,2.0,39%,4.0,1.0,2.0,304.0,236.0,78%
328133,131,Corinthians,3,4,10,3,2.0,8.0,10,6.0,1.0,61%,1.0,1.0,3.0,475.0,381.0,80%
328085,127,Flamengo,12,13,31,6,22.0,9.0,12,9.0,1.0,66%,1.0,,3.0,562.0,479.0,85%
328085,151,Goias,4,2,7,1,3.0,4.0,12,4.0,4.0,34%,4.0,,10.0,299.0,203.0,68%
328137,121,Palmeiras,5,6,16,5,8.0,8.0,13,6.0,1.0,54%,3.0,,6.0,431.0,354.0,82%
328137,147,Coritiba,9,2,12,1,4.0,8.0,20,2.0,2.0,46%,2.0,,4.0,382.0,295.0,77%
328140,130,Gremio,4,5,10,1,7.0,3.0,11,1.0,1.0,50%,3.0,1.0,2.0,479.0,401.0,84%
328140,120,Botafogo,3,11,16,2,9.0,7.0,13,4.0,0.0,50%,2.0,0.0,1.0,458.0,373.0,81%
328138,128,Santos,3,5,12,4,6.0,6.0,18,7.0,1.0,59%,3.0,,0.0,400.0,318.0,80%
328138,144,Atletico Goianiense,1,5,8,2,4.0,4.0,21,2.0,2.0,41%,3.0,,3.0,288.0,189.0,66%
328141,123,Sport Recife,5,6,13,2,10.0,3.0,6,2.0,1.0,48%,3.0,,4.0,438.0,355.0,81%
328141,119,Internacional,8,5,14,1,8.0,6.0,19,7.0,3.0,52%,2.0,,2.0,450.0,382.0,85%
328142,134,Atletico Paranaense,9,4,16,3,11.0,5.0,18,8.0,2.0,61%,3.0,0.0,5.0,545.0,461.0,85%
328142,131,Corinthians,6,5,13,2,8.0,5.0,14,2.0,1.0,39%,3.0,1.0,9.0,332.0,258.0,78%
328139,1062,Atletico-MG,8,3,14,3,7.0,7.0,11,9.0,0.0,65%,3.0,,2.0,571.0,492.0,86%
328139,124,Fluminense,3,6,11,2,7.0,4.0,9,4.0,3.0,35%,1.0,,7.0,295.0,208.0,71%
328135,127,Flamengo,10,5,19,4,11.0,8.0,16,5.0,1.0,65%,2.0,,2.0,606.0,515.0,85%
328135,794,Bragantino,3,4,12,5,3.0,9.0,14,1.0,2.0,35%,1.0,,9.0,314.0,221.0,70%
328144,151,Goias,4,4,10,2,4.0,6.0,16,5.0,1.0,49%,5.0,0.0,2.0,402.0,320.0,80%
328144,118,Bahia,3,6,13,4,9.0,4.0,18,2.0,3.0,51%,5.0,2.0,3.0,403.0,314.0,78%
328145,124,Fluminense,3,2,6,1,5.0,1.0,17,4.0,2.0,58%,3.0,,3.0,539.0,454.0,84%
328145,129,Ceara,4,7,17,6,10.0,7.0,16,3.0,2.0,42%,3.0,,1.0,389.0,295.0,76%
328147,126,Sao Paulo,1,7,8,0,2.0,6.0,24,2.0,1.0,62%,4.0,,2.0,534.0,470.0,88%
328147,130,Gremio,2,6,11,3,4.0,7.0,15,7.0,2.0,38%,2.0,,1.0,316.0,250.0,79%
328154,144,Atletico Goianiense,1,8,11,2,7.0,4.0,10,2.0,1.0,36%,3.0,2.0,5.0,271.0,204.0,75%
328154,134,Atletico Paranaense,6,7,17,4,11.0,6.0,20,11.0,2.0,64%,5.0,0.0,0.0,454.0,395.0,87%
328152,147,Coritiba,4,9,18,5,11.0,7.0,18,9.0,1.0,56%,5.0,,0.0,442.0,372.0,84%
328152,128,Santos,2,2,6,2,3.0,3.0,25,1.0,0.0,44%,2.0,,3.0,341.0,263.0,77%
328149,131,Corinthians,7,8,19,4,11.0,8.0,14,10.0,1.0,38%,4.0,,1.0,314.0,241.0,77%
328149,127,Flamengo,6,1,9,2,6.0,3.0,13,3.0,2.0,62%,5.0,,6.0,530.0,445.0,84%
328150,119,Internacional,7,4,13,2,8.0,5.0,17,6.0,1.0,52%,1.0,,4.0,523.0,457.0,87%
328150,133,Vasco DA Gama,4,4,8,0,2.0,6.0,11,3.0,0.0,48%,1.0,,5.0,481.0,400.0,83%
328153,154,Fortaleza EC,4,5,10,1,8.0,2.0,14,1.0,0.0,51%,2.0,0.0,3.0,464.0,384.0,83%
328153,121,Palmeiras,3,6,14,5,10.0,4.0,19,7.0,2.0,49%,3.0,1.0,2.0,422.0,365.0,86%
328148,794,Bragantino,4,11,18,3,11.0,7.0,13,8.0,1.0,50%,2.0,,1.0,449.0,369.0,82%
328148,123,Sport Recife,1,1,3,1,1.0,2.0,13,6.0,0.0,50%,2.0,,2.0,464.0,363.0,78%
328151,118,Bahia,6,4,13,3,8.0,5.0,14,2.0,1.0,33%,4.0,,4.0,295.0,223.0,76%
328151,1062,Atletico-MG,5,11,20,4,12.0,8.0,14,8.0,1.0,67%,1.0,,3.0,552.0,483.0,88%
328146,120,Botafogo,6,7,23,10,12.0,11.0,18,11.0,3.0,62%,2.0,,4.0,531.0,454.0,85%
328146,151,Goias,4,6,12,2,4.0,8.0,11,5.0,0.0,38%,1.0,,6.0,325.0,239.0,74%
328156,133,Vasco DA Gama,8,6,17,3,11.0,6.0,12,9.0,1.0,63%,1.0,,2.0,547.0,452.0,83%
328156,131,Corinthians,4,3,12,5,11.0,1.0,18,6.0,2.0,37%,2.0,,7.0,309.0,217.0,70%
328158,794,Bragantino,5,6,14,3,8.0,6.0,17,6.0,1.0,52%,0.0,,1.0,390.0,311.0,80%
328158,151,Goias,1,5,7,1,4.0,3.0,15,4.0,3.0,48%,3.0,,3.0,357.0,265.0,74%
328163,129,Ceara,4,8,15,3,9.0,6.0,22,5.0,1.0,36%,3.0,,5.0,270.0,184.0,68%
328163,147,Coritiba,6,6,14,2,8.0,6.0,12,8.0,1.0,64%,1.0,,2.0,478.0,392.0,82%
328159,1062,Atletico-MG,9,11,26,6,17.0,9.0,10,13.0,2.0,76%,1.0,,0.0,696.0,615.0,88%
328159,123,Sport Recife,0,3,3,0,0.0,3.0,11,4.0,1.0,24%,0.0,,9.0,226.0,126.0,56%
328155,124,Fluminense,8,5,19,6,12.0,7.0,13,10.0,2.0,47%,5.0,,1.0,275.0,216.0,79%
328155,128,Santos,2,3,9,4,3.0,6.0,18,8.0,3.0,53%,4.0,,5.0,297.0,239.0,80%
328164,144,Atletico Goianiense,5,9,20,6,11.0,9.0,15,6.0,0.0,56%,1.0,,1.0,470.0,410.0,87%
328164,121,Palmeiras,4,6,12,2,8.0,4.0,17,3.0,2.0,44%,4.0,,5.0,358.0,283.0,79%
328160,119,Internacional,5,4,10,1,7.0,3.0,16,1.0,1.0,28%,6.0,,3.0,244.0,169.0,69%
328160,127,Flamengo,6,5,16,5,14.0,2.0,15,7.0,1.0,72%,5.0,,3.0,617.0,540.0,88%
328162,134,Atletico Paranaense,1,4,5,0,4.0,1.0,15,4.0,1.0,64%,3.0,,1.0,548.0,496.0,91%
328162,130,Gremio,2,6,8,0,6.0,2.0,11,2.0,1.0,36%,1.0,,0.0,289.0,227.0,79%
328166,120,Botafogo,7,4,12,1,8.0,4.0,17,4.0,1.0,60%,5.0,1.0,2.0,489.0,421.0,86%
328166,129,Ceara,4,5,10,1,5.0,5.0,19,2.0,0.0,40%,6.0,1.0,5.0,316.0,234.0,74%
328169,131,Corinthians,3,4,8,1,1.0,7.0,17,2.0,2.0,35%,4.0,0.0,0.0,313.0,201.0,64%
328169,119,Internacional,0,4,7,3,6.0,1.0,12,4.0,2.0,65%,3.0,1.0,2.0,574.0,453.0,79%
328172,147,Coritiba,1,3,5,1,2.0,3.0,22,0.0,,29%,2.0,,5.0,245.0,174.0,71%
328172,144,Atletico Goianiense,5,4,14,5,6.0,8.0,18,12.0,,71%,4.0,,0.0,552.0,480.0,87%
328173,154,Fortaleza EC,1,2,4,1,2.0,2.0,14,3.0,0.0,43%,2.0,1.0,3.0,384.0,321.0,84%
328173,124,Fluminense,4,4,11,3,5.0,6.0,18,7.0,1.0,57%,1.0,0.0,1.0,475.0,420.0,88%
328171,123,Sport Recife,3,4,11,4,7.0,4.0,17,2.0,3.0,41%,2.0,1.0,2.0,340.0,248.0,73%
328171,134,Atletico Paranaense,2,7,12,3,5.0,7.0,15,5.0,3.0,59%,1.0,0.0,2.0,475.0,389.0,82%
328165,127,Flamengo,7,3,17,7,10.0,7.0,18,6.0,2.0,53%,4.0,,4.0,445.0,387.0,87%
328165,126,Sao Paulo,8,3,13,2,9.0,4.0,18,4.0,0.0,47%,3.0,,6.0,395.0,335.0,85%
328168,128,Santos,6,2,9,1,4.0,5.0,19,6.0,2.0,56%,4.0,,5.0,456.0,382.0,84%
328168,118,Bahia,6,7,21,8,10.0,11.0,13,9.0,3.0,44%,2.0,,3.0,341.0,274.0,80%
328174,151,Goias,10,4,19,5,11.0,8.0,16,2.0,2.0,46%,5.0,,0.0,350.0,271.0,77%
328174,133,Vasco DA Gama,1,2,7,4,4.0,3.0,19,6.0,6.0,54%,7.0,,9.0,397.0,326.0,82%
328167,121,Palmeiras,8,9,19,2,12.0,7.0,10,3.0,2.0,35%,2.0,,2.0,296.0,230.0,78%
328167,1062,Atletico-MG,2,8,15,5,7.0,8.0,12,9.0,0.0,65%,1.0,,5.0,543.0,467.0,86%
328170,130,Gremio,3,5,11,3,9.0,2.0,13,3.0,1.0,55%,1.0,,6.0,576.0,499.0,87%
328170,794,Bragantino,7,4,13,2,3.0,10.0,12,4.0,0.0,45%,1.0,,1.0,455.0,385.0,85%
328183,134,Atletico Paranaense,6,7,21,8,14.0,7.0,20,10.0,3.0,62%,2.0,,2.0,483.0,416.0,86%
328183,154,Fortaleza EC,5,4,11,2,5.0,6.0,14,3.0,4.0,38%,2.0,,4.0,297.0,231.0,78%
328184,126,Sao Paulo,9,6,20,5,13.0,7.0,9,10.0,1.0,64%,2.0,0.0,2.0,502.0,432.0,86%
328184,151,Goias,3,3,8,2,5.0,3.0,19,2.0,1.0,36%,2.0,1.0,7.0,270.0,188.0,70%
328179,144,Atletico Goianiense,5,6,15,4,8.0,7.0,22,7.0,2.0,43%,3.0,,1.0,311.0,227.0,73%
328179,131,Corinthians,2,3,6,1,5.0,1.0,25,3.0,2.0,57%,4.0,,4.0,421.0,318.0,76%
328182,119,Internacional,4,3,12,5,10.0,2.0,9,9.0,0.0,59%,2.0,1.0,1.0,521.0,462.0,89%
328182,147,Coritiba,3,5,10,2,4.0,6.0,13,3.0,2.0,41%,3.0,0.0,2.0,363.0,301.0,83%
328177,133,Vasco DA Gama,3,5,9,1,5.0,4.0,17,0.0,0.0,44%,1.0,,2.0,373.0,292.0,78%
328177,121,Palmeiras,3,2,8,3,4.0,4.0,19,4.0,1.0,56%,4.0,,3.0,468.0,380.0,81%
328176,118,Bahia,5,7,20,8,8.0,12.0,19,4.0,1.0,58%,2.0,,3.0,496.0,426.0,86%
328176,120,Botafogo,3,5,10,2,3.0,7.0,17,4.0,1.0,42%,3.0,,4.0,360.0,291.0,81%
328178,794,Bragantino,2,6,12,4,7.0,5.0,15,5.0,1.0,48%,1.0,,0.0,409.0,306.0,75%
328178,128,Santos,0,2,4,2,1.0,3.0,20,3.0,1.0,52%,4.0,,1.0,444.0,332.0,75%
328175,1062,Atletico-MG,5,4,10,1,7.0,3.0,21,2.0,1.0,30%,5.0,,5.0,284.0,205.0,72%
328175,127,Flamengo,5,5,13,3,7.0,6.0,13,7.0,1.0,70%,3.0,,1.0,635.0,555.0,87%
328180,124,Fluminense,4,3,12,5,8.0,4.0,12,4.0,1.0,60%,1.0,,3.0,556.0,483.0,87%
328180,130,Gremio,4,7,13,2,9.0,4.0,13,5.0,2.0,40%,0.0,,4.0,367.0,301.0,82%
328181,129,Ceara,6,13,26,7,9.0,17.0,17,9.0,4.0,52%,0.0,,1.0,418.0,348.0,83%
328181,123,Sport Recife,1,2,4,1,4.0,0.0,13,1.0,0.0,48%,3.0,,6.0,392.0,301.0,77%
328161,118,Bahia,6,4,12,2,5.0,7.0,14,4.0,1.0,33%,3.0,,0.0,254.0,198.0,78%
328161,154,Fortaleza EC,1,4,8,3,6.0,2.0,11,7.0,2.0,67%,3.0,,4.0,518.0,462.0,89%
328186,123,Sport Recife,3,5,13,5,9.0,4.0,14,4.0,2.0,63%,0.0,,2.0,561.0,467.0,83%
328186,133,Vasco DA Gama,4,5,14,5,11.0,3.0,21,2.0,1.0,37%,2.0,,3.0,328.0,257.0,78%
328190,128,Santos,7,1,10,2,4.0,6.0,24,2.0,1.0,39%,1.0,,6.0,301.0,214.0,71%
328190,119,Internacional,6,4,12,2,10.0,2.0,18,7.0,2.0,61%,2.0,,5.0,473.0,386.0,82%
328192,151,Goias,1,7,10,2,4.0,6.0,14,8.0,3.0,47%,5.0,,7.0,334.0,274.0,82%
328192,134,Atletico Paranaense,8,4,16,4,15.0,1.0,11,10.0,0.0,53%,1.0,,1.0,378.0,307.0,81%
328193,130,Gremio,7,5,16,4,8.0,8.0,8,3.0,1.0,60%,1.0,,1.0,743.0,668.0,90%
328193,129,Ceara,3,6,11,2,7.0,4.0,14,4.0,0.0,40%,2.0,,3.0,473.0,402.0,85%
328189,131,Corinthians,1,3,8,4,4.0,4.0,29,6.0,1.0,33%,3.0,,2.0,268.0,170.0,63%
328189,1062,Atletico-MG,4,7,13,2,11.0,2.0,11,6.0,1.0,67%,5.0,,0.0,547.0,458.0,84%
328187,154,Fortaleza EC,5,7,12,0,9.0,3.0,15,2.0,1.0,49%,2.0,,2.0,396.0,330.0,83%
328187,126,Sao Paulo,5,2,8,1,5.0,3.0,18,3.0,2.0,51%,4.0,,3.0,403.0,338.0,84%
328185,121,Palmeiras,5,2,9,2,6.0,3.0,15,3.0,3.0,50%,2.0,,5.0,448.0,375.0,84%
328185,124,Fluminense,5,8,15,2,6.0,9.0,8,5.0,3.0,50%,2.0,,3.0,441.0,374.0,85%
328194,127,Flamengo,7,9,19,3,11.0,8.0,15,11.0,1.0,65%,2.0,,4.0,558.0,493.0,88%
328194,144,Atletico Goianiense,5,4,10,1,6.0,4.0,16,4.0,2.0,35%,1.0,,5.0,296.0,230.0,78%
328191,147,Coritiba,2,8,16,6,7.0,9.0,12,7.0,1.0,53%,3.0,,3.0,449.0,397.0,88%
328191,118,Bahia,5,6,15,4,10.0,5.0,12,5.0,1.0,47%,4.0,,1.0,401.0,346.0,86%
328188,120,Botafogo,3,8,12,1,5.0,7.0,16,7.0,2.0,60%,0.0,,2.0,440.0,359.0,82%
328188,794,Bragantino,5,5,11,1,8.0,3.0,18,3.0,0.0,40%,3.0,,2.0,275.0,192.0,70%
328039,1062,Atletico-MG,6,8,21,7,8.0,13.0,7,9.0,1.0,64%,2.0,,4.0,526.0,454.0,86%
328039,134,Atletico Paranaense,6,3,10,1,5.0,5.0,23,1.0,1.0,36%,2.0,,6.0,303.0,233.0,77%
328136,133,Vasco DA Gama,5,4,11,2,9.0,2.0,11,4.0,1.0,47%,2.0,,5.0,355.0,291.0,82%
328136,154,Fortaleza EC,5,6,18,7,11.0,7.0,20,11.0,1.0,53%,0.0,,5.0,392.0,322.0,82%
328201,794,Bragantino,7,3,12,2,9.0,3.0,16,5.0,,52%,2.0,,1.0,443.0,392.0,88%
328201,118,Bahia,1,4,8,3,6.0,2.0,13,9.0,,48%,4.0,,3.0,383.0,316.0,83%
328202,127,Flamengo,9,10,23,4,17.0,6.0,16,4.0,0.0,61%,1.0,,0.0,653.0,576.0,88%
328202,147,Coritiba,1,2,6,3,4.0,2.0,18,4.0,1.0,39%,3.0,,6.0,404.0,331.0,82%
328198,134,Atletico Paranaense,4,5,13,4,7.0,6.0,22,9.0,2.0,60%,0.0,,4.0,526.0,445.0,85%
328198,128,Santos,4,2,6,0,5.0,1.0,14,2.0,1.0,40%,2.0,,3.0,342.0,280.0,82%
328197,151,Goias,2,6,8,0,3.0,5.0,20,1.0,1.0,59%,2.0,0.0,3.0,488.0,420.0,86%
328197,121,Palmeiras,3,7,14,4,6.0,8.0,15,4.0,1.0,41%,2.0,1.0,1.0,333.0,245.0,74%
328196,126,Sao Paulo,5,8,17,4,8.0,9.0,7,7.0,1.0,69%,2.0,,2.0,684.0,602.0,88%
328196,133,Vasco DA Gama,3,2,6,1,6.0,0.0,18,4.0,2.0,31%,4.0,,4.0,297.0,212.0,71%
328199,129,Ceara,5,6,11,0,8.0,3.0,11,2.0,2.0,46%,4.0,0.0,2.0,402.0,316.0,79%
328199,1062,Atletico-MG,4,8,18,6,10.0,8.0,12,7.0,1.0,54%,1.0,1.0,3.0,457.0,376.0,82%
328195,119,Internacional,4,7,13,2,7.0,6.0,20,4.0,1.0,50%,2.0,,0.0,450.0,365.0,81%
328195,124,Fluminense,2,3,7,2,3.0,4.0,20,4.0,0.0,50%,4.0,,3.0,455.0,367.0,81%
328203,120,Botafogo,6,6,19,7,9.0,10.0,18,7.0,3.0,58%,1.0,,4.0,474.0,420.0,89%
328203,154,Fortaleza EC,6,2,12,4,10.0,2.0,15,5.0,2.0,42%,1.0,,5.0,357.0,282.0,79%
328200,131,Corinthians,1,3,7,3,4.0,3.0,12,4.0,3.0,32%,3.0,2.0,3.0,301.0,224.0,74%
328200,130,Gremio,3,7,15,5,8.0,7.0,14,12.0,1.0,68%,1.0,0.0,2.0,618.0,563.0,91%
328204,123,Sport Recife,1,5,11,5,6.0,5.0,17,10.0,1.0,62%,1.0,,3.0,432.0,366.0,85%
328204,144,Atletico Goianiense,4,6,12,2,9.0,3.0,16,5.0,2.0,38%,3.0,,1.0,260.0,202.0,78%
328143,129,Ceara,6,3,11,2,9.0,2.0,20,5.0,2.0,31%,5.0,,3.0,305.0,233.0,76%
328143,126,Sao Paulo,4,8,18,6,8.0,10.0,13,5.0,1.0,69%,3.0,,5.0,659.0,587.0,89%
328209,147,Coritiba,3,6,11,2,6.0,5.0,13,4.0,1.0,52%,2.0,,1.0,463.0,379.0,82%
328209,131,Corinthians,2,5,11,4,8.0,3.0,25,3.0,2.0,48%,2.0,,3.0,418.0,328.0,78%
328206,1062,Atletico-MG,6,5,11,0,9.0,2.0,25,10.0,2.0,54%,2.0,,2.0,462.0,404.0,87%
328206,120,Botafogo,3,1,4,0,3.0,1.0,19,2.0,4.0,46%,3.0,,4.0,397.0,323.0,81%
328214,154,Fortaleza EC,8,6,15,1,10.0,5.0,17,2.0,3.0,69%,2.0,,0.0,619.0,545.0,88%
328214,151,Goias,1,3,6,2,3.0,3.0,19,0.0,0.0,31%,0.0,,7.0,266.0,182.0,68%
328212,121,Palmeiras,8,11,22,3,14.0,8.0,16,10.0,4.0,58%,2.0,,1.0,469.0,410.0,87%
328212,134,Atletico Paranaense,1,3,4,0,3.0,1.0,15,1.0,2.0,42%,1.0,,5.0,352.0,273.0,78%
328211,128,Santos,5,4,11,2,4.0,7.0,17,5.0,3.0,59%,3.0,,1.0,424.0,365.0,86%
328211,123,Sport Recife,3,2,9,4,3.0,6.0,24,4.0,0.0,41%,3.0,,1.0,291.0,225.0,77%
328207,118,Bahia,6,4,15,5,8.0,7.0,12,5.0,1.0,36%,0.0,,5.0,347.0,282.0,81%
328207,126,Sao Paulo,8,4,17,5,10.0,7.0,15,9.0,1.0,64%,2.0,,5.0,597.0,540.0,90%
328210,144,Atletico Goianiense,0,3,9,6,2.0,7.0,20,8.0,5.0,41%,1.0,0.0,6.0,281.0,206.0,73%
328210,119,Internacional,6,8,17,3,9.0,8.0,18,9.0,4.0,59%,4.0,1.0,0.0,397.0,333.0,84%
328040,130,Gremio,10,12,26,4,16.0,10.0,15,8.0,2.0,65%,2.0,,1.0,674.0,615.0,91%
328040,151,Goias,2,2,5,1,5.0,0.0,17,1.0,1.0,35%,2.0,,8.0,346.0,282.0,82%
328213,133,Vasco DA Gama,4,7,12,1,6.0,6.0,15,9.0,1.0,68%,3.0,,2.0,487.0,415.0,85%
328213,129,Ceara,6,4,11,1,10.0,1.0,18,3.0,3.0,32%,2.0,,3.0,230.0,149.0,65%
328208,124,Fluminense,1,3,7,3,3.0,4.0,15,5.0,4.0,45%,2.0,,4.0,362.0,288.0,80%
328208,794,Bragantino,4,3,11,4,3.0,8.0,21,5.0,0.0,55%,3.0,,1.0,437.0,346.0,79%
328219,154,Fortaleza EC,5,5,13,3,6.0,7.0,12,3.0,2.0,45%,2.0,1.0,5.0,344.0,267.0,78%
328219,131,Corinthians,4,3,9,2,4.0,5.0,15,4.0,0.0,55%,2.0,1.0,5.0,413.0,334.0,81%
327994,151,Goias,3,4,9,2,3.0,6.0,16,2.0,0.0,40%,3.0,,3.0,302.0,231.0,76%
327994,126,Sao Paulo,6,6,15,3,7.0,8.0,19,9.0,1.0,60%,0.0,,3.0,451.0,384.0,85%
328215,120,Botafogo,3,4,13,6,6.0,7.0,16,5.0,,34%,1.0,1.0,1.0,293.0,218.0,74%
328215,127,Flamengo,3,4,14,7,7.0,7.0,26,7.0,,66%,1.0,1.0,3.0,572.0,511.0,89%
328217,128,Santos,5,8,15,2,7.0,8.0,14,8.0,2.0,59%,3.0,0.0,3.0,388.0,313.0,81%
328217,121,Palmeiras,5,3,11,3,6.0,5.0,16,7.0,0.0,41%,3.0,1.0,3.0,264.0,185.0,70%
328223,118,Bahia,2,5,9,2,5.0,4.0,12,6.0,1.0,52%,2.0,,3.0,448.0,373.0,83%
328223,129,Ceara,5,4,11,2,8.0,3.0,17,4.0,1.0,48%,2.0,,2.0,416.0,358.0,86%
328222,124,Fluminense,13,8,27,6,19.0,8.0,16,15.0,2.0,69%,4.0,0.0,0.0,578.0,509.0,88%
328222,134,Atletico Paranaense,1,2,5,2,4.0,1.0,18,2.0,0.0,31%,4.0,1.0,9.0,254.0,187.0,74%
328218,147,Coritiba,3,3,9,3,2.0,7.0,17,3.0,2.0,43%,4.0,,5.0,332.0,233.0,70%
328218,794,Bragantino,5,13,23,5,9.0,14.0,26,12.0,0.0,57%,3.0,,3.0,420.0,333.0,79%
328221,126,Sao Paulo,7,4,13,2,7.0,6.0,17,11.0,0.0,63%,4.0,,0.0,641.0,572.0,89%
328221,123,Sport Recife,0,4,4,0,2.0,2.0,16,1.0,3.0,37%,4.0,,6.0,378.0,294.0,78%
328216,130,Gremio,10,9,22,3,11.0,11.0,9,5.0,1.0,59%,2.0,,3.0,600.0,536.0,89%
328216,133,Vasco DA Gama,3,2,6,1,1.0,5.0,8,3.0,1.0,41%,1.0,,5.0,404.0,344.0,85%
328220,1062,Atletico-MG,2,6,9,1,4.0,5.0,18,3.0,4.0,63%,2.0,,1.0,584.0,502.0,86%
328220,119,Internacional,3,4,10,3,6.0,4.0,14,4.0,5.0,37%,6.0,,1.0,316.0,241.0,76%
328224,144,Atletico Goianiense,3,4,12,5,6.0,6.0,17,15.0,4.0,67%,3.0,,1.0,421.0,360.0,86%
328224,151,Goias,2,7,10,1,6.0,4.0,21,1.0,2.0,33%,3.0,,3.0,202.0,128.0,63%
328157,126,Sao Paulo,14,13,31,4,18.0,13.0,12,12.0,1.0,65%,0.0,0.0,1.0,644.0,581.0,90%
328157,120,Botafogo,1,6,8,1,4.0,4.0,8,0.0,0.0,35%,2.0,1.0,10.0,352.0,287.0,82%
328229,134,Atletico Paranaense,5,8,16,3,9.0,7.0,20,5.0,4.0,42%,2.0,,2.0,352.0,281.0,80%
328229,1062,Atletico-MG,3,5,10,2,5.0,5.0,13,3.0,4.0,58%,2.0,,5.0,483.0,418.0,87%
328233,794,Bragantino,6,7,14,1,5.0,9.0,17,2.0,0.0,52%,3.0,,4.0,424.0,351.0,83%
328233,154,Fortaleza EC,5,6,13,2,6.0,7.0,18,5.0,2.0,48%,2.0,,5.0,394.0,295.0,75%
328226,119,Internacional,3,7,12,2,11.0,1.0,23,4.0,,48%,4.0,,1.0,414.0,340.0,82%
328226,120,Botafogo,2,7,12,3,4.0,8.0,19,6.0,,52%,5.0,,1.0,444.0,374.0,84%
328231,121,Palmeiras,7,3,15,5,7.0,8.0,11,8.0,4.0,59%,2.0,,8.0,509.0,451.0,89%
328231,118,Bahia,7,6,18,5,6.0,12.0,20,7.0,1.0,41%,3.0,,4.0,343.0,290.0,85%
328234,129,Ceara,3,4,8,1,7.0,1.0,13,2.0,3.0,39%,0.0,,4.0,341.0,260.0,76%
328234,144,Atletico Goianiense,6,1,12,5,7.0,5.0,15,8.0,2.0,61%,2.0,,2.0,501.0,412.0,82%
328230,151,Goias,2,6,12,4,4.0,8.0,12,4.0,0.0,39%,4.0,,5.0,301.0,221.0,73%
328230,130,Gremio,5,8,17,4,11.0,6.0,10,9.0,2.0,61%,1.0,,2.0,447.0,361.0,81%
328228,127,Flamengo,4,8,12,0,11.0,1.0,12,6.0,3.0,56%,2.0,,2.0,460.0,400.0,87%
328228,128,Santos,3,3,6,0,2.0,4.0,11,4.0,2.0,44%,1.0,,0.0,361.0,297.0,82%
328232,123,Sport Recife,6,9,20,5,11.0,9.0,20,7.0,,54%,0.0,,3.0,447.0,380.0,85%
328232,147,Coritiba,3,6,14,5,4.0,10.0,14,6.0,,46%,1.0,,5.0,370.0,298.0,81%
328227,131,Corinthians,5,8,15,2,8.0,7.0,12,4.0,0.0,38%,0.0,,6.0,310.0,217.0,70%
328227,126,Sao Paulo,6,4,17,7,6.0,11.0,8,5.0,1.0,62%,1.0,,4.0,499.0,420.0,84%
328225,133,Vasco DA Gama,4,9,20,7,10.0,10.0,21,4.0,1.0,44%,6.0,,3.0,402.0,335.0,83%
328225,124,Fluminense,4,6,10,0,7.0,3.0,14,2.0,0.0,56%,2.0,,3.0,517.0,449.0,87%
328239,126,Sao Paulo,7,7,17,3,7.0,10.0,9,5.0,3.0,47%,2.0,0.0,6.0,483.0,396.0,82%
328239,1062,Atletico-MG,6,3,14,5,4.0,10.0,10,3.0,3.0,53%,4.0,1.0,4.0,536.0,460.0,86%
328235,144,Atletico Goianiense,5,3,11,3,5.0,6.0,18,11.0,,39%,3.0,,1.0,280.0,220.0,79%
328235,124,Fluminense,2,1,5,2,4.0,1.0,18,6.0,,61%,4.0,,3.0,453.0,390.0,86%
328240,123,Sport Recife,2,5,9,2,5.0,4.0,21,3.0,2.0,43%,2.0,0.0,0.0,400.0,340.0,85%
328240,130,Gremio,1,5,13,7,7.0,6.0,9,7.0,2.0,57%,3.0,1.0,1.0,519.0,453.0,87%
328237,119,Internacional,4,3,12,5,9.0,3.0,13,4.0,1.0,41%,4.0,,0.0,329.0,247.0,75%
328237,121,Palmeiras,0,10,13,3,4.0,9.0,23,8.0,1.0,59%,2.0,,2.0,439.0,354.0,81%
328236,147,Coritiba,4,6,10,0,6.0,4.0,14,4.0,2.0,45%,3.0,,2.0,340.0,273.0,80%
328236,120,Botafogo,3,5,18,10,10.0,8.0,18,11.0,2.0,55%,1.0,,3.0,404.0,355.0,88%
328238,133,Vasco DA Gama,2,1,4,1,3.0,1.0,26,1.0,0.0,35%,2.0,,5.0,252.0,183.0,73%
328238,128,Santos,5,9,19,5,9.0,10.0,15,2.0,1.0,65%,0.0,,1.0,452.0,390.0,86%
328242,794,Bragantino,6,10,21,5,10.0,11.0,8,17.0,6.0,69%,2.0,,0.0,499.0,420.0,84%
328242,134,Atletico Paranaense,1,2,4,1,2.0,2.0,17,4.0,6.0,31%,5.0,,6.0,225.0,146.0,65%
328241,127,Flamengo,5,5,16,6,12.0,4.0,17,7.0,2.0,48%,1.0,1.0,3.0,382.0,328.0,86%
328241,118,Bahia,6,2,17,9,11.0,6.0,22,8.0,1.0,52%,3.0,1.0,1.0,396.0,351.0,89%
328243,154,Fortaleza EC,0,6,10,4,4.0,6.0,18,5.0,,60%,1.0,1.0,3.0,402.0,330.0,82%
328243,129,Ceara,5,1,6,0,4.0,2.0,17,1.0,,40%,1.0,0.0,0.0,270.0,204.0,76%
328244,131,Corinthians,6,10,19,3,13.0,6.0,11,12.0,5.0,63%,1.0,,6.0,536.0,453.0,85%
328244,151,Goias,7,6,17,4,11.0,6.0,15,4.0,2.0,37%,0.0,,4.0,310.0,231.0,75%
328252,1062,Atletico-MG,9,7,25,9,13.0,12.0,15,13.0,0.0,70%,,,3.0,664.0,617.0,93%
328252,147,Coritiba,3,4,7,0,5.0,2.0,13,3.0,2.0,30%,,,7.0,281.0,229.0,81%
328251,151,Goias,3,6,10,1,8.0,2.0,22,4.0,0.0,38%,4.0,,4.0,315.0,219.0,70%
328251,123,Sport Recife,4,6,16,6,8.0,8.0,18,5.0,4.0,62%,1.0,,2.0,501.0,392.0,78%
328245,154,Fortaleza EC,4,6,11,1,3.0,8.0,22,4.0,1.0,36%,3.0,,2.0,292.0,233.0,80%
328245,127,Flamengo,2,6,13,5,5.0,8.0,14,4.0,0.0,64%,3.0,,4.0,518.0,447.0,86%
328247,124,Fluminense,1,8,9,0,5.0,4.0,17,0.0,,41%,3.0,,3.0,398.0,328.0,82%
328247,126,Sao Paulo,5,1,12,6,7.0,5.0,22,2.0,,59%,1.0,,0.0,579.0,504.0,87%
328250,118,Bahia,3,9,14,2,8.0,6.0,18,6.0,0.0,51%,3.0,,8.0,373.0,292.0,78%
328250,119,Internacional,10,2,15,3,11.0,4.0,12,7.0,2.0,49%,1.0,,2.0,359.0,285.0,79%
328249,120,Botafogo,1,7,9,1,5.0,4.0,19,2.0,2.0,46%,1.0,,4.0,453.0,355.0,78%
328249,131,Corinthians,6,4,13,3,8.0,5.0,20,7.0,2.0,54%,1.0,,1.0,508.0,412.0,81%
328248,121,Palmeiras,1,5,6,0,3.0,3.0,10,5.0,1.0,41%,3.0,,2.0,345.0,279.0,81%
328248,794,Bragantino,2,10,21,9,11.0,10.0,6,8.0,1.0,59%,0.0,,0.0,484.0,410.0,85%
328253,128,Santos,5,2,11,4,6.0,5.0,15,10.0,2.0,65%,2.0,,3.0,473.0,415.0,88%
328253,129,Ceara,4,5,11,2,9.0,2.0,24,2.0,1.0,35%,3.0,,4.0,257.0,186.0,72%
328246,134,Atletico Paranaense,8,6,16,2,6.0,10.0,14,6.0,1.0,55%,0.0,,4.0,481.0,424.0,88%
328246,133,Vasco DA Gama,4,5,11,2,5.0,6.0,11,5.0,3.0,45%,1.0,,5.0,374.0,315.0,84%
328254,130,Gremio,4,4,10,2,6.0,4.0,12,5.0,1.0,45%,2.0,,1.0,405.0,324.0,80%
328254,144,Atletico Goianiense,2,5,9,2,4.0,5.0,15,9.0,1.0,55%,3.0,,3.0,475.0,403.0,85%
328262,120,Botafogo,8,11,24,5,17.0,7.0,14,3.0,4.0,61%,3.0,,2.0,507.0,448.0,88%
328262,134,Atletico Paranaense,4,4,8,0,8.0,0.0,21,3.0,1.0,39%,2.0,,8.0,325.0,255.0,78%
328261,130,Gremio,2,4,11,5,4.0,7.0,11,3.0,0.0,49%,2.0,,4.0,405.0,338.0,83%
328261,118,Bahia,5,7,17,5,8.0,9.0,17,10.0,1.0,51%,4.0,,0.0,410.0,338.0,82%
328263,123,Sport Recife,1,2,6,3,4.0,2.0,14,4.0,0.0,35%,3.0,,1.0,270.0,200.0,74%
328263,154,Fortaleza EC,1,9,17,7,9.0,8.0,12,8.0,1.0,65%,1.0,,0.0,490.0,421.0,86%
328264,147,Coritiba,2,11,16,3,6.0,10.0,13,6.0,2.0,56%,4.0,,3.0,463.0,383.0,83%
328264,151,Goias,5,2,11,4,9.0,2.0,19,4.0,2.0,44%,3.0,,1.0,360.0,257.0,71%
328255,127,Flamengo,8,7,19,4,12.0,7.0,12,11.0,0.0,72%,1.0,,3.0,673.0,581.0,86%
328255,124,Fluminense,5,4,11,2,9.0,2.0,22,4.0,2.0,28%,4.0,,7.0,249.0,176.0,71%
328257,794,Bragantino,10,11,23,2,15.0,8.0,17,4.0,0.0,48%,2.0,0.0,3.0,455.0,389.0,85%
328257,126,Sao Paulo,4,2,8,2,3.0,5.0,4,5.0,3.0,52%,2.0,1.0,6.0,487.0,419.0,86%
328260,129,Ceara,6,6,19,7,11.0,8.0,18,7.0,,60%,6.0,,1.0,495.0,428.0,86%
328260,119,Internacional,3,3,8,2,5.0,3.0,16,4.0,,40%,4.0,,5.0,329.0,265.0,81%
328256,144,Atletico Goianiense,3,4,8,1,6.0,2.0,19,3.0,2.0,44%,3.0,,6.0,336.0,249.0,74%
328256,133,Vasco DA Gama,6,6,15,3,6.0,9.0,17,4.0,2.0,56%,2.0,,2.0,422.0,348.0,82%
328267,123,Sport Recife,5,4,11,2,7.0,4.0,15,7.0,2.0,58%,4.0,,3.0,511.0,439.0,86%
328267,121,Palmeiras,4,6,12,2,4.0,8.0,21,6.0,2.0,42%,3.0,,5.0,366.0,279.0,76%
328272,147,Coritiba,2,8,13,3,4.0,9.0,11,3.0,,41%,2.0,,1.0,388.0,321.0,83%
328272,134,Atletico Paranaense,1,1,3,1,0.0,3.0,11,2.0,,59%,1.0,,2.0,578.0,504.0,87%
328270,154,Fortaleza EC,5,4,14,5,9.0,5.0,17,4.0,3.0,54%,4.0,,2.0,449.0,380.0,85%
328270,130,Gremio,3,4,11,4,6.0,5.0,12,5.0,1.0,46%,2.0,,5.0,369.0,303.0,82%
328268,126,Sao Paulo,5,14,26,7,14.0,12.0,19,7.0,,68%,2.0,,1.0,532.0,475.0,89%
328268,128,Santos,2,1,7,4,3.0,4.0,21,3.0,,32%,4.0,,5.0,251.0,171.0,68%
328273,127,Flamengo,5,12,21,4,14.0,7.0,10,6.0,3.0,74%,3.0,,2.0,677.0,612.0,90%
328273,129,Ceara,4,1,8,3,5.0,3.0,12,1.0,0.0,26%,1.0,,5.0,232.0,168.0,72%
328274,119,Internacional,3,5,10,2,6.0,4.0,14,6.0,2.0,41%,0.0,,4.0,331.0,261.0,79%
328274,151,Goias,4,5,14,5,11.0,3.0,14,2.0,1.0,59%,2.0,,2.0,477.0,385.0,81%
328271,144,Atletico Goianiense,5,5,13,3,8.0,5.0,20,6.0,3.0,42%,2.0,,3.0,298.0,229.0,77%
328271,118,Bahia,4,4,16,8,11.0,5.0,18,6.0,1.0,58%,1.0,,4.0,416.0,351.0,84%
328266,133,Vasco DA Gama,7,4,18,7,13.0,5.0,11,6.0,0.0,50%,1.0,,4.0,457.0,377.0,82%
328266,120,Botafogo,5,5,12,2,8.0,4.0,13,3.0,4.0,50%,0.0,,3.0,456.0,384.0,84%
328269,794,Bragantino,4,2,11,5,7.0,4.0,15,6.0,0.0,44%,4.0,,4.0,389.0,310.0,80%
328269,1062,Atletico-MG,6,7,19,6,13.0,6.0,11,6.0,1.0,56%,0.0,,2.0,491.0,412.0,84%
328265,131,Corinthians,8,4,19,7,9.0,10.0,17,3.0,1.0,57%,1.0,,2.0,517.0,441.0,85%
328265,124,Fluminense,2,5,13,6,8.0,5.0,15,3.0,3.0,43%,2.0,,3.0,374.0,311.0,83%
328280,121,Palmeiras,6,8,16,2,9.0,7.0,22,3.0,2.0,44%,3.0,,6.0,430.0,383.0,89%
328280,130,Gremio,7,3,12,2,5.0,7.0,10,7.0,0.0,56%,1.0,,5.0,530.0,465.0,88%
328281,124,Fluminense,1,8,11,2,8.0,3.0,23,5.0,2.0,65%,1.0,0.0,0.0,531.0,458.0,86%
328281,123,Sport Recife,0,7,10,3,8.0,2.0,18,4.0,1.0,35%,1.0,1.0,1.0,270.0,198.0,73%
328282,133,Vasco DA Gama,3,4,10,3,7.0,3.0,10,10.0,1.0,52%,2.0,1.0,3.0,505.0,443.0,88%
328282,147,Coritiba,4,4,13,5,5.0,8.0,13,2.0,0.0,48%,2.0,0.0,3.0,467.0,414.0,89%
328276,128,Santos,5,11,23,7,12.0,11.0,8,15.0,2.0,59%,2.0,,2.0,408.0,348.0,85%
328276,120,Botafogo,3,2,6,1,2.0,4.0,24,6.0,3.0,41%,1.0,,4.0,282.0,225.0,80%
328277,134,Atletico Paranaense,3,2,8,3,5.0,3.0,10,1.0,0.0,40%,2.0,,1.0,375.0,301.0,80%
328277,126,Sao Paulo,2,4,9,3,4.0,5.0,14,3.0,8.0,60%,1.0,,2.0,547.0,490.0,90%
328284,1062,Atletico-MG,6,10,22,6,13.0,9.0,13,10.0,0.0,60%,2.0,,2.0,544.0,474.0,87%
328284,144,Atletico Goianiense,3,5,13,5,8.0,5.0,14,9.0,2.0,40%,3.0,,3.0,357.0,291.0,82%
328283,119,Internacional,4,4,10,2,9.0,1.0,24,7.0,0.0,45%,0.0,,0.0,352.0,284.0,81%
328283,154,Fortaleza EC,2,4,10,4,5.0,5.0,17,1.0,1.0,55%,3.0,,1.0,443.0,370.0,84%
328278,129,Ceara,3,7,12,2,7.0,5.0,13,6.0,1.0,36%,1.0,,5.0,286.0,214.0,75%
328278,794,Bragantino,7,4,15,4,10.0,5.0,16,9.0,0.0,64%,2.0,,2.0,490.0,431.0,88%
328259,121,Palmeiras,8,5,15,2,8.0,7.0,14,7.0,3.0,56%,2.0,0.0,4.0,427.0,369.0,86%
328259,131,Corinthians,4,3,10,3,8.0,2.0,11,7.0,0.0,44%,3.0,1.0,4.0,325.0,253.0,78%
328275,151,Goias,3,3,9,3,5.0,4.0,24,4.0,1.0,40%,5.0,,3.0,358.0,272.0,76%
328275,127,Flamengo,6,4,12,2,8.0,4.0,13,5.0,3.0,60%,1.0,,3.0,531.0,446.0,84%
328294,120,Botafogo,5,7,17,5,11.0,6.0,18,3.0,1.0,48%,2.0,,2.0,366.0,289.0,79%
328294,144,Atletico Goianiense,5,4,14,5,11.0,3.0,14,6.0,1.0,52%,3.0,,4.0,386.0,322.0,83%
328292,118,Bahia,4,6,11,1,7.0,4.0,15,9.0,3.0,40%,2.0,,1.0,345.0,282.0,82%
328292,134,Atletico Paranaense,1,6,11,4,7.0,4.0,14,4.0,2.0,60%,0.0,,3.0,526.0,468.0,89%
328289,130,Gremio,3,3,8,2,5.0,3.0,11,3.0,1.0,57%,1.0,,3.0,627.0,525.0,84%
328289,1062,Atletico-MG,4,4,10,2,3.0,7.0,7,1.0,2.0,43%,1.0,,2.0,471.0,376.0,80%
328285,147,Coritiba,4,4,8,0,2.0,6.0,20,2.0,1.0,40%,1.0,1.0,3.0,333.0,265.0,80%
328285,124,Fluminense,5,10,21,6,18.0,3.0,9,12.0,1.0,60%,4.0,1.0,1.0,459.0,387.0,84%
328290,126,Sao Paulo,5,4,11,2,7.0,4.0,15,7.0,0.0,70%,2.0,,2.0,607.0,530.0,87%
328290,119,Internacional,7,8,19,4,14.0,5.0,19,2.0,2.0,30%,1.0,,4.0,256.0,193.0,75%
328286,794,Bragantino,9,8,20,3,8.0,12.0,12,3.0,1.0,53%,,,3.0,514.0,444.0,86%
328286,133,Vasco DA Gama,4,3,8,1,2.0,6.0,17,3.0,0.0,47%,,,5.0,454.0,363.0,80%
328287,127,Flamengo,6,4,15,5,10.0,5.0,26,4.0,1.0,51%,2.0,,0.0,463.0,378.0,82%
328287,121,Palmeiras,0,4,6,2,3.0,3.0,15,1.0,2.0,49%,2.0,,5.0,443.0,355.0,80%
328293,151,Goias,2,9,14,3,4.0,10.0,12,6.0,1.0,55%,1.0,,0.0,479.0,392.0,82%
328293,129,Ceara,4,3,12,5,9.0,3.0,10,1.0,0.0,45%,0.0,,2.0,384.0,299.0,78%
328288,154,Fortaleza EC,3,4,10,3,6.0,4.0,20,8.0,4.0,47%,2.0,,3.0,338.0,268.0,79%
328288,128,Santos,3,8,12,1,6.0,6.0,14,5.0,1.0,53%,0.0,,1.0,378.0,311.0,82%
328291,131,Corinthians,12,6,20,2,11.0,9.0,9,6.0,2.0,61%,1.0,,4.0,546.0,457.0,84%
328291,123,Sport Recife,4,4,10,2,5.0,5.0,7,5.0,3.0,39%,0.0,,9.0,347.0,268.0,77%
328302,126,Sao Paulo,6,11,18,1,12.0,6.0,19,7.0,1.0,64%,1.0,,2.0,642.0,574.0,89%
328302,147,Coritiba,3,5,10,2,5.0,5.0,15,2.0,0.0,36%,2.0,,5.0,367.0,280.0,76%
328299,133,Vasco DA Gama,3,2,6,1,5.0,1.0,15,2.0,,25%,4.0,,2.0,230.0,167.0,73%
328299,1062,Atletico-MG,4,9,17,4,11.0,6.0,11,9.0,,75%,1.0,,0.0,678.0,614.0,91%
328300,119,Internacional,5,5,17,7,11.0,6.0,19,6.0,0.0,46%,2.0,,2.0,384.0,313.0,82%
328300,130,Gremio,3,4,9,2,4.0,5.0,15,1.0,1.0,54%,2.0,,3.0,459.0,377.0,82%
328297,129,Ceara,3,5,9,1,7.0,2.0,9,2.0,3.0,41%,4.0,1.0,3.0,340.0,270.0,79%
328297,121,Palmeiras,4,5,12,3,7.0,5.0,16,7.0,6.0,59%,5.0,0.0,1.0,468.0,401.0,86%
328295,134,Atletico Paranaense,8,1,11,2,8.0,3.0,20,3.0,4.0,40%,2.0,,1.0,379.0,314.0,83%
328295,127,Flamengo,2,4,12,6,8.0,4.0,11,3.0,1.0,60%,0.0,,6.0,558.0,493.0,88%
328301,123,Sport Recife,5,4,16,7,9.0,7.0,16,10.0,5.0,57%,3.0,,2.0,439.0,374.0,85%
328301,118,Bahia,2,5,9,2,5.0,4.0,8,3.0,1.0,43%,0.0,,3.0,333.0,254.0,76%
328304,128,Santos,9,7,20,4,13.0,7.0,11,11.0,4.0,63%,4.0,,2.0,469.0,410.0,87%
328304,151,Goias,6,8,17,3,8.0,9.0,19,3.0,2.0,37%,4.0,,5.0,271.0,196.0,72%
328303,144,Atletico Goianiense,3,2,7,2,5.0,2.0,12,5.0,0.0,45%,2.0,0.0,3.0,327.0,258.0,79%
328303,154,Fortaleza EC,3,4,11,4,8.0,3.0,13,5.0,2.0,55%,3.0,1.0,1.0,397.0,326.0,82%
328296,124,Fluminense,5,5,12,2,6.0,6.0,20,2.0,0.0,48%,2.0,,0.0,397.0,334.0,84%
328296,120,Botafogo,1,2,5,2,2.0,3.0,20,1.0,1.0,52%,1.0,,3.0,436.0,354.0,81%
328298,131,Corinthians,5,4,13,4,6.0,7.0,16,8.0,2.0,59%,5.0,,3.0,547.0,425.0,78%
328298,794,Bragantino,4,5,13,4,8.0,5.0,14,3.0,3.0,41%,4.0,,5.0,379.0,274.0,72%
327987,121,Palmeiras,3,7,14,4,7.0,7.0,19,5.0,0.0,54%,1.0,,2.0,479.0,403.0,84%
327987,133,Vasco DA Gama,3,6,13,4,6.0,7.0,11,3.0,2.0,46%,1.0,,2.0,391.0,309.0,79%
328258,1062,Atletico-MG,5,1,10,4,5.0,5.0,10,4.0,1.0,65%,1.0,,3.0,665.0,582.0,88%
328258,128,Santos,3,2,5,0,5.0,0.0,14,2.0,0.0,35%,1.0,,3.0,341.0,261.0,77%
328279,118,Bahia,7,1,8,0,6.0,2.0,24,4.0,0.0,41%,3.0,,3.0,290.0,205.0,71%
328279,131,Corinthians,4,7,16,5,13.0,3.0,19,10.0,1.0,59%,1.0,,5.0,379.0,296.0,78%
328205,130,Gremio,5,1,8,2,4.0,4.0,15,2.0,1.0,50%,5.0,,2.0,549.0,483.0,88%
328205,127,Flamengo,6,6,14,2,11.0,3.0,24,5.0,0.0,50%,3.0,,3.0,532.0,475.0,89%
328312,129,Ceara,2,5,9,2,7.0,2.0,15,4.0,1.0,45%,0.0,,0.0,378.0,309.0,82%
328312,134,Atletico Paranaense,2,5,11,4,7.0,4.0,18,4.0,2.0,55%,2.0,,2.0,450.0,375.0,83%
328311,133,Vasco DA Gama,5,3,8,0,5.0,3.0,15,6.0,0.0,49%,1.0,1.0,2.0,402.0,350.0,87%
328311,118,Bahia,2,5,9,2,7.0,2.0,16,6.0,1.0,51%,3.0,0.0,5.0,421.0,361.0,86%
328307,144,Atletico Goianiense,3,4,11,4,8.0,3.0,13,8.0,1.0,40%,3.0,,2.0,333.0,245.0,74%
328307,126,Sao Paulo,3,7,13,3,8.0,5.0,9,5.0,1.0,60%,1.0,,1.0,500.0,428.0,86%
328310,147,Coritiba,2,4,8,2,3.0,5.0,26,2.0,0.0,47%,3.0,,2.0,408.0,345.0,85%
328310,130,Gremio,3,13,20,4,13.0,7.0,12,3.0,2.0,53%,3.0,,1.0,469.0,410.0,87%
328313,1062,Atletico-MG,5,5,12,2,8.0,4.0,16,5.0,3.0,71%,0.0,,1.0,770.0,710.0,92%
328313,154,Fortaleza EC,1,2,4,1,1.0,3.0,15,1.0,2.0,29%,1.0,,3.0,301.0,236.0,78%
328308,119,Internacional,3,5,12,4,7.0,5.0,11,3.0,,36%,3.0,,5.0,306.0,227.0,74%
328308,794,Bragantino,6,7,16,3,10.0,6.0,12,7.0,,64%,0.0,,1.0,532.0,453.0,85%
328314,124,Fluminense,6,10,17,1,12.0,5.0,9,7.0,1.0,42%,1.0,,0.0,371.0,294.0,79%
328314,151,Goias,0,9,12,3,5.0,7.0,15,2.0,0.0,58%,2.0,,3.0,491.0,409.0,83%
328305,123,Sport Recife,2,3,8,3,4.0,4.0,15,2.0,0.0,38%,2.0,,6.0,350.0,285.0,81%
328305,127,Flamengo,9,8,21,4,14.0,7.0,20,6.0,1.0,62%,2.0,,2.0,563.0,491.0,87%
328306,121,Palmeiras,2,9,17,6,14.0,3.0,16,12.0,1.0,54%,2.0,,2.0,439.0,382.0,87%
328306,120,Botafogo,3,9,17,5,8.0,9.0,10,6.0,0.0,46%,1.0,,1.0,386.0,322.0,83%
328318,130,Gremio,6,9,17,2,9.0,8.0,12,5.0,1.0,62%,5.0,0.0,3.0,538.0,476.0,88%
328318,128,Santos,6,0,9,3,8.0,1.0,20,3.0,0.0,38%,3.0,1.0,3.0,313.0,248.0,79%
328324,794,Bragantino,10,5,20,5,14.0,6.0,15,8.0,2.0,51%,3.0,,1.0,414.0,331.0,80%
328324,144,Atletico Goianiense,1,7,8,0,3.0,5.0,7,3.0,1.0,49%,3.0,,8.0,390.0,289.0,74%
328315,118,Bahia,6,3,12,3,4.0,8.0,15,4.0,0.0,54%,1.0,,5.0,514.0,450.0,88%
328315,124,Fluminense,6,6,13,1,7.0,6.0,11,1.0,2.0,46%,1.0,,6.0,431.0,370.0,86%
328323,131,Corinthians,7,5,18,6,7.0,11.0,18,8.0,2.0,35%,,,0.0,302.0,225.0,75%
328323,129,Ceara,1,4,7,2,5.0,2.0,14,3.0,2.0,65%,,,5.0,559.0,463.0,83%
328319,151,Goias,1,1,3,1,2.0,1.0,12,1.0,2.0,22%,2.0,,2.0,240.0,164.0,68%
328319,1062,Atletico-MG,2,11,17,4,10.0,7.0,13,8.0,4.0,78%,3.0,,0.0,817.0,734.0,90%
328322,154,Fortaleza EC,7,6,16,3,14.0,2.0,17,4.0,0.0,53%,3.0,0.0,1.0,402.0,330.0,82%
328322,147,Coritiba,2,3,5,0,4.0,1.0,15,4.0,3.0,47%,7.0,2.0,6.0,346.0,286.0,83%
328316,127,Flamengo,6,4,17,7,12.0,5.0,19,7.0,0.0,60%,1.0,,3.0,527.0,460.0,87%
328316,133,Vasco DA Gama,3,2,6,1,2.0,4.0,15,5.0,1.0,40%,3.0,,4.0,346.0,286.0,83%
328320,134,Atletico Paranaense,4,8,12,0,5.0,7.0,15,3.0,2.0,68%,3.0,,1.0,588.0,507.0,86%
328320,119,Internacional,1,3,5,1,2.0,3.0,20,2.0,1.0,32%,2.0,,4.0,259.0,191.0,74%
328321,120,Botafogo,6,10,25,9,14.0,11.0,11,10.0,3.0,65%,1.0,,1.0,542.0,464.0,86%
328321,123,Sport Recife,2,3,10,5,6.0,4.0,19,8.0,0.0,35%,3.0,,5.0,282.0,197.0,70%
328334,118,Bahia,7,1,9,1,7.0,2.0,18,8.0,1.0,47%,3.0,1.0,3.0,379.0,294.0,78%
328334,151,Goias,6,8,17,3,11.0,6.0,13,1.0,1.0,53%,4.0,0.0,4.0,421.0,348.0,83%
328328,144,Atletico Goianiense,2,5,7,0,3.0,4.0,18,0.0,1.0,30%,2.0,1.0,2.0,235.0,154.0,66%
328328,128,Santos,3,11,18,4,13.0,5.0,13,10.0,4.0,70%,2.0,0.0,1.0,494.0,429.0,87%
328325,794,Bragantino,5,7,12,0,3.0,9.0,19,5.0,1.0,46%,4.0,,6.0,360.0,281.0,78%
328325,127,Flamengo,7,4,16,5,12.0,4.0,17,4.0,4.0,54%,2.0,,4.0,420.0,333.0,79%
328330,120,Botafogo,6,10,18,2,11.0,7.0,14,5.0,1.0,46%,,,2.0,408.0,354.0,87%
328330,130,Gremio,7,3,13,3,10.0,3.0,18,2.0,1.0,54%,,,4.0,467.0,403.0,86%
328331,119,Internacional,2,8,17,7,10.0,7.0,12,7.0,0.0,59%,2.0,1.0,0.0,530.0,457.0,86%
328331,123,Sport Recife,2,3,7,2,2.0,5.0,11,3.0,1.0,41%,3.0,0.0,1.0,376.0,298.0,79%
328326,154,Fortaleza EC,7,5,17,5,12.0,5.0,15,5.0,1.0,43%,2.0,,1.0,388.0,323.0,83%
328326,133,Vasco DA Gama,1,5,12,6,6.0,6.0,14,7.0,1.0,57%,3.0,,4.0,487.0,425.0,87%
328333,126,Sao Paulo,9,5,16,2,10.0,6.0,10,6.0,2.0,60%,4.0,,1.0,494.0,417.0,84%
328333,129,Ceara,2,4,8,2,4.0,4.0,17,4.0,2.0,40%,4.0,,8.0,326.0,260.0,80%
328329,124,Fluminense,3,4,10,3,5.0,5.0,8,6.0,3.0,27%,0.0,,1.0,307.0,235.0,77%
328329,1062,Atletico-MG,1,4,8,3,4.0,4.0,13,6.0,1.0,73%,1.0,,3.0,838.0,753.0,90%
328332,131,Corinthians,8,5,17,4,10.0,7.0,19,3.0,1.0,44%,3.0,,3.0,420.0,346.0,82%
328332,134,Atletico Paranaense,7,3,12,2,10.0,2.0,12,2.0,0.0,56%,0.0,,6.0,530.0,456.0,86%
328336,151,Goias,7,3,11,1,8.0,3.0,23,2.0,2.0,54%,4.0,0.0,3.0,412.0,346.0,84%
328336,120,Botafogo,3,6,11,2,6.0,5.0,26,5.0,2.0,46%,3.0,1.0,5.0,345.0,289.0,84%
328342,128,Santos,6,8,17,3,7.0,10.0,15,7.0,3.0,56%,0.0,,3.0,475.0,405.0,85%
328342,147,Coritiba,3,4,8,1,1.0,7.0,16,3.0,1.0,44%,4.0,,4.0,363.0,302.0,83%
328341,1062,Atletico-MG,4,6,21,11,11.0,10.0,10,6.0,1.0,71%,1.0,,4.0,741.0,671.0,91%
328341,118,Bahia,5,4,13,4,11.0,2.0,9,2.0,1.0,29%,1.0,,3.0,301.0,232.0,77%
328339,127,Flamengo,5,8,14,1,9.0,5.0,21,4.0,4.0,66%,1.0,,2.0,596.0,509.0,85%
328339,131,Corinthians,3,1,11,7,6.0,5.0,16,3.0,1.0,34%,5.0,,3.0,304.0,224.0,74%
328340,133,Vasco DA Gama,0,5,8,3,5.0,3.0,9,3.0,2.0,64%,1.0,,5.0,459.0,381.0,83%
328340,119,Internacional,7,5,16,4,10.0,6.0,20,9.0,0.0,36%,5.0,,0.0,254.0,181.0,71%
328343,121,Palmeiras,6,4,13,3,4.0,9.0,16,3.0,4.0,67%,0.0,,1.0,610.0,550.0,90%
328343,154,Fortaleza EC,1,2,5,2,3.0,2.0,11,4.0,0.0,33%,3.0,,3.0,284.0,205.0,72%
328344,134,Atletico Paranaense,3,5,8,0,5.0,3.0,14,7.0,4.0,59%,3.0,,3.0,454.0,392.0,86%
328344,144,Atletico Goianiense,4,6,11,1,6.0,5.0,9,4.0,3.0,41%,2.0,,1.0,306.0,244.0,80%
328337,130,Gremio,3,1,5,1,3.0,2.0,19,5.0,,51%,6.0,1.0,2.0,523.0,454.0,87%
328337,126,Sao Paulo,4,6,11,1,2.0,9.0,18,2.0,,49%,4.0,0.0,2.0,492.0,430.0,87%
328335,129,Ceara,5,6,13,2,9.0,4.0,18,9.0,,51%,1.0,,1.0,434.0,369.0,85%
328335,124,Fluminense,4,3,9,2,5.0,4.0,8,0.0,,49%,1.0,,4.0,428.0,351.0,82%
328338,123,Sport Recife,0,3,4,1,1.0,3.0,8,1.0,0.0,31%,3.0,,6.0,271.0,178.0,66%
328338,794,Bragantino,6,10,22,6,10.0,12.0,10,15.0,1.0,69%,0.0,,1.0,579.0,491.0,85%
328309,128,Santos,5,2,11,4,9.0,2.0,23,6.0,2.0,46%,,,4.0,367.0,288.0,78%
328309,131,Corinthians,4,4,11,3,3.0,8.0,25,5.0,2.0,54%,,,4.0,418.0,338.0,81%
328327,147,Coritiba,4,6,13,3,6.0,7.0,16,5.0,1.0,47%,2.0,0.0,4.0,384.0,315.0,82%
328327,121,Palmeiras,4,8,15,3,4.0,11.0,20,4.0,3.0,53%,3.0,1.0,3.0,434.0,362.0,83%
328317,126,Sao Paulo,3,2,7,2,4.0,3.0,16,1.0,3.0,42%,2.0,,1.0,317.0,240.0,76%
328317,121,Palmeiras,2,5,9,2,5.0,4.0,14,5.0,3.0,58%,1.0,,2.0,436.0,362.0,83%
328353,147,Coritiba,5,8,16,3,8.0,8.0,14,7.0,2.0,62%,1.0,,2.0,567.0,504.0,89%
328353,129,Ceara,4,5,11,2,7.0,4.0,9,5.0,1.0,38%,0.0,,5.0,337.0,257.0,76%
328351,154,Fortaleza EC,3,5,11,3,4.0,7.0,15,2.0,0.0,60%,5.0,1.0,3.0,547.0,493.0,90%
328351,118,Bahia,7,5,12,0,10.0,2.0,13,0.0,1.0,40%,3.0,0.0,3.0,357.0,301.0,84%
328349,123,Sport Recife,3,3,9,3,7.0,2.0,16,2.0,,39%,4.0,,8.0,372.0,297.0,80%
328349,1062,Atletico-MG,10,12,25,3,14.0,11.0,13,4.0,,61%,4.0,,1.0,586.0,513.0,88%
328350,127,Flamengo,4,3,10,3,4.0,6.0,21,1.0,3.0,59%,4.0,0.0,2.0,443.0,387.0,87%
328350,119,Internacional,3,4,12,5,8.0,4.0,15,4.0,0.0,41%,0.0,1.0,2.0,304.0,230.0,76%
328346,131,Corinthians,4,3,14,7,10.0,4.0,23,7.0,1.0,66%,1.0,,0.0,585.0,505.0,86%
328346,133,Vasco DA Gama,0,6,8,2,4.0,4.0,18,4.0,6.0,34%,2.0,,4.0,282.0,200.0,71%
328345,128,Santos,2,5,8,1,5.0,3.0,20,4.0,1.0,62%,3.0,0.0,2.0,450.0,382.0,85%
328345,124,Fluminense,3,3,7,1,4.0,3.0,19,4.0,1.0,38%,4.0,1.0,1.0,280.0,211.0,75%
328352,130,Gremio,2,7,11,2,6.0,5.0,19,2.0,1.0,49%,3.0,0.0,3.0,460.0,399.0,87%
328352,134,Atletico Paranaense,2,5,8,1,6.0,2.0,17,2.0,4.0,51%,1.0,2.0,1.0,466.0,399.0,86%
328348,151,Goias,1,8,14,5,9.0,5.0,18,3.0,1.0,43%,2.0,,5.0,315.0,221.0,70%
328348,794,Bragantino,5,4,14,5,7.0,7.0,20,11.0,1.0,57%,0.0,,1.0,404.0,311.0,77%
328354,121,Palmeiras,4,11,19,4,7.0,12.0,20,9.0,0.0,63%,2.0,,2.0,544.0,475.0,87%
328354,144,Atletico Goianiense,3,5,9,1,6.0,3.0,13,6.0,1.0,37%,1.0,,3.0,310.0,234.0,75%
328347,120,Botafogo,8,3,19,8,10.0,9.0,12,4.0,2.0,47%,3.0,0.0,1.0,433.0,371.0,86%
328347,126,Sao Paulo,1,5,7,1,4.0,3.0,15,3.0,0.0,53%,5.0,1.0,7.0,457.0,386.0,84%
328358,118,Bahia,5,8,16,3,11.0,5.0,11,4.0,2.0,48%,,,5.0,447.0,383.0,86%
328358,128,Santos,5,6,15,4,7.0,8.0,13,4.0,1.0,52%,,,3.0,476.0,425.0,89%
328359,119,Internacional,5,6,16,5,14.0,2.0,13,12.0,6.0,52%,0.0,,1.0,420.0,334.0,80%
328359,131,Corinthians,1,2,6,3,2.0,4.0,16,5.0,1.0,48%,2.0,,5.0,391.0,290.0,74%
328363,124,Fluminense,3,2,9,4,8.0,1.0,10,3.0,0.0,48%,,,2.0,396.0,342.0,86%
328363,154,Fortaleza EC,2,7,9,0,3.0,6.0,12,5.0,1.0,52%,,,1.0,421.0,359.0,85%
328355,126,Sao Paulo,2,1,4,1,1.0,3.0,27,1.0,0.0,36%,6.0,,,301.0,229.0,76%
328355,127,Flamengo,1,13,19,5,13.0,6.0,24,7.0,2.0,64%,3.0,,,507.0,427.0,84%
328356,129,Ceara,6,5,12,1,8.0,4.0,7,5.0,0.0,47%,4.0,1.0,2.0,470.0,408.0,87%
328356,120,Botafogo,3,8,17,6,11.0,6.0,4,7.0,2.0,53%,0.0,0.0,4.0,503.0,456.0,91%
328364,133,Vasco DA Gama,12,6,27,9,15.0,12.0,12,9.0,2.0,48%,1.0,,3.0,387.0,330.0,85%
328364,151,Goias,5,7,20,8,9.0,11.0,18,6.0,2.0,52%,2.0,,9.0,407.0,344.0,85%
328361,134,Atletico Paranaense,8,8,18,2,8.0,10.0,15,8.0,2.0,56%,0.0,,4.0,480.0,405.0,84%
328361,123,Sport Recife,4,6,15,5,8.0,7.0,10,5.0,2.0,44%,1.0,,6.0,362.0,292.0,81%
328362,144,Atletico Goianiense,7,8,18,3,10.0,8.0,8,7.0,1.0,55%,0.0,,0.0,556.0,488.0,88%
328362,147,Coritiba,1,8,9,0,5.0,4.0,9,4.0,1.0,45%,1.0,,4.0,435.0,358.0,82%
328360,794,Bragantino,6,7,19,6,14.0,5.0,24,3.0,1.0,55%,4.0,,2.0,469.0,386.0,82%
328360,130,Gremio,2,12,15,1,6.0,9.0,12,7.0,0.0,45%,0.0,,5.0,369.0,294.0,80%
328357,1062,Atletico-MG,8,7,19,4,13.0,6.0,22,5.0,5.0,51%,3.0,,4.0,452.0,403.0,89%
328357,121,Palmeiras,4,4,9,1,5.0,4.0,17,4.0,1.0,49%,0.0,,6.0,425.0,342.0,80%
