,fixture_id,team_id,team_name,shots_on_goal,shots_off_goal,total_shots,blocked_shots,shots_insidebox,shots_outsidebox,fouls,corner_kicks,offsides,ball_possession,yellow_cards,red_cards,goalkeeper_saves,total_passes,passes_accurate,passes_%,expected_goals,goals_prevented
0,1180355,119,Internacional,9,6,17,2,13,4,21,6,3.0,53%,5.0,0.0,3,513,440,86%,1.89,0.0
1,1180355,118,Bahia,4,3,9,2,6,3,13,3,2.0,47%,3.0,0.0,7,467,386,83%,0.7,0.0
2,1180364,140,Criciuma,3,4,10,3,5,5,11,0,3.0,47%,4.0,0.0,3,423,340,80%,0.71,0.0
3,1180364,152,Juventude,4,7,15,4,4,11,15,4,4.0,53%,6.0,0.0,2,464,378,81%,0.57,0.0
4,1180358,124,Fluminense,11,10,26,5,13,13,8,13,0.0,69%,3.0,0.0,6,520,452,87%,1.76,0.0
5,1180358,794,RB Bragantino,8,7,16,1,10,6,19,6,0.0,31%,4.0,0.0,9,228,157,69%,1.16,0.0
6,1180361,126,Sao Paulo,5,5,14,4,8,6,10,11,2.0,72%,2.0,0.0,0,691,606,88%,0.53,0.0
7,1180361,154,Fortaleza EC,2,3,6,1,4,2,14,4,1.0,28%,3.0,0.0,4,272,184,68%,0.36,0.0
8,1180360,131,Corinthians,2,7,14,5,6,8,16,3,0.0,48%,8.0,0.0,3,347,277,80%,0.46,0.0
9,1180360,1062,Atletico-MG,3,2,8,3,2,6,14,3,2.0,52%,6.0,1.0,2,400,320,80%,0.32,0.0
10,1180359,133,Vasco DA Gama,3,7,15,5,11,4,19,3,1.0,47%,4.0,0.0,1,446,382,86%,0.9,0.0
11,1180359,130,Gremio,2,5,9,2,7,2,10,5,1.0,53%,1.0,0.0,1,504,440,87%,1.24,0.0
12,1180362,134,Atletico Paranaense,9,6,20,5,15,5,16,7,2.0,62%,0.0,0.0,0,582,512,88%,1.96,0.0
13,1180362,1193,Cuiaba,0,1,1,0,1,0,9,0,1.0,38%,3.0,0.0,5,367,309,84%,0.31,0.0
14,1180363,144,Atletico Goianiense,4,5,11,2,9,2,12,4,2.0,32%,5.0,2.0,0,208,150,72%,1.62,0.0
15,1180363,127,Flamengo,2,8,15,5,8,7,12,4,1.0,68%,3.0,0.0,3,471,405,86%,1.21,0.0
16,1180356,135,Cruzeiro,5,4,15,6,9,6,12,6,2.0,56%,4.0,0.0,1,399,334,84%,1.65,0.0
17,1180356,120,Botafogo,3,3,6,0,4,2,11,3,0.0,44%,3.0,1.0,2,319,252,79%,2.03,0.0
18,1180357,136,Vitoria,5,4,13,4,8,5,12,3,2.0,56%,3.0,0.0,3,403,339,84%,1.39,2.0
19,1180357,121,Palmeiras,4,7,15,4,7,8,15,9,3.0,44%,5.0,0.0,5,307,241,79%,0.86,2.0
20,1180367,118,Bahia,5,5,12,2,7,5,15,4,3.0,40%,4.0,0.0,2,353,279,79%,1.08,0.0
21,1180367,124,Fluminense,3,3,9,3,6,3,23,3,2.0,60%,5.0,0.0,3,536,466,87%,0.37,0.0
22,1180365,130,Gremio,7,4,14,3,8,6,7,9,0.0,48%,1.0,0.0,0,434,350,81%,1.13,0.0
23,1180365,134,Atletico Paranaense,0,3,4,1,2,2,13,2,1.0,52%,3.0,0.0,5,466,373,80%,0.17,0.0
24,1180371,794,RB Bragantino,5,9,17,3,10,7,14,4,0.0,40%,2.0,0.0,2,324,238,73%,0.95,0.0
25,1180371,133,Vasco DA Gama,3,8,13,2,10,3,15,6,3.0,60%,1.0,0.0,3,462,386,84%,1.19,0.0
26,1180370,121,Palmeiras,3,11,18,4,12,6,17,6,4.0,64%,2.0,0.0,1,474,391,82%,1.45,0.0
27,1180370,119,Internacional,2,3,5,0,4,1,21,2,1.0,36%,4.0,0.0,3,288,199,69%,1.12,0.0
28,1180374,152,Juventude,8,4,16,4,8,8,16,6,1.0,45%,3.0,1.0,2,391,314,80%,1.63,0.0
29,1180374,131,Corinthians,2,11,17,4,11,6,10,7,2.0,55%,1.0,0.0,6,473,383,81%,1.16,0.0
30,1180372,154,Fortaleza EC,3,6,14,5,9,5,13,7,0.0,39%,2.0,0.0,4,296,229,77%,0.64,0.0
31,1180372,135,Cruzeiro,6,6,14,2,7,7,10,5,2.0,61%,3.0,1.0,2,476,408,86%,0.82,0.0
32,1180366,1062,Atletico-MG,6,8,22,8,8,14,12,9,2.0,68%,2.0,0.0,0,712,640,90%,1.04,0.0
33,1180366,140,Criciuma,1,4,5,0,4,1,10,2,0.0,32%,4.0,0.0,5,333,277,83%,0.34,0.0
34,1180368,127,Flamengo,6,4,12,2,9,3,19,9,1.0,47%,1.0,0.0,2,404,324,80%,1.3,0.0
35,1180368,126,Sao Paulo,3,3,10,4,5,5,19,1,2.0,53%,3.0,0.0,4,463,394,85%,0.69,0.0
36,1180369,120,Botafogo,4,6,13,3,7,6,13,8,1.0,53%,3.0,0.0,3,466,387,83%,0.66,0.0
37,1180369,144,Atletico Goianiense,3,4,12,5,7,5,11,8,2.0,47%,4.0,0.0,3,401,326,81%,0.89,0.0
38,1180378,124,Fluminense,8,2,11,1,8,3,16,2,1.0,58%,4.0,0.0,4,546,479,88%,1.31,1.0
39,1180378,133,Vasco DA Gama,5,8,21,8,15,6,17,7,4.0,42%,5.0,0.0,6,384,308,80%,1.91,1.0
40,1180375,130,Gremio,4,3,7,0,4,3,10,3,0.0,57%,4.0,0.0,3,543,473,87%,0.63,0.0
41,1180375,1193,Cuiaba,3,8,14,3,10,4,5,4,0.0,43%,2.0,0.0,3,400,323,81%,1.39,0.0
42,1180381,794,RB Bragantino,3,5,10,2,5,5,21,3,0.0,35%,4.0,0.0,4,275,167,61%,0.45,0.0
43,1180381,131,Corinthians,4,8,15,3,10,5,10,4,4.0,65%,2.0,0.0,2,494,397,80%,1.2,0.0
44,1180376,1062,Atletico-MG,4,3,9,2,5,4,15,4,1.0,56%,2.0,0.0,2,561,495,88%,1.13,-1.0
45,1180376,135,Cruzeiro,3,1,10,6,5,5,17,4,2.0,44%,2.0,0.0,1,439,379,86%,0.85,-1.0
46,1180380,121,Palmeiras,1,8,12,3,4,8,23,6,3.0,49%,5.0,0.0,3,337,258,77%,0.4,0.0
47,1180380,127,Flamengo,3,3,8,2,4,4,14,5,0.0,51%,4.0,0.0,1,360,279,78%,0.24,0.0
48,1180382,134,Atletico Paranaense,0,4,5,1,3,2,6,1,0.0,46%,1.0,0.0,1,159,128,81%,0.38,0.0
49,1180382,119,Internacional,1,4,7,2,5,2,6,1,0.0,54%,4.0,0.0,0,194,157,81%,0.27,0.0
50,1180377,136,Vitoria,8,4,13,1,7,6,12,2,6.0,42%,3.0,0.0,5,375,308,82%,1.69,0.0
51,1180377,118,Bahia,7,6,20,7,10,10,13,7,2.0,58%,3.0,0.0,6,520,455,88%,2.54,0.0
52,1180379,120,Botafogo,6,5,13,2,11,2,22,5,1.0,56%,3.0,0.0,0,490,440,90%,2.96,-1.0
53,1180379,152,Juventude,1,5,12,6,5,7,10,4,1.0,44%,4.0,1.0,1,385,332,86%,0.33,-1.0
54,1180383,144,Atletico Goianiense,1,4,9,4,2,7,13,4,0.0,35%,5.0,2.0,4,321,253,79%,0.24,0.0
55,1180383,126,Sao Paulo,7,4,19,8,12,7,9,3,2.0,65%,0.0,0.0,1,632,561,89%,1.66,0.0
56,1180389,133,Vasco DA Gama,5,8,21,8,14,7,13,5,0.0,58%,1.0,0.0,6,518,456,88%,2.02,1.0
57,1180389,140,Criciuma,10,5,17,2,9,8,7,4,2.0,42%,0.0,0.0,5,392,336,86%,1.95,1.0
58,1180393,1193,Cuiaba,1,2,4,1,2,2,11,3,2.0,33%,4.0,0.0,2,288,237,82%,0.25,0.0
59,1180393,1062,Atletico-MG,5,4,12,3,10,2,17,10,1.0,67%,5.0,1.0,1,585,539,92%,2.15,0.0
60,1180387,118,Bahia,4,5,14,5,10,4,10,4,1.0,60%,2.0,0.0,2,620,542,87%,1.16,1.0
61,1180387,130,Gremio,2,1,3,0,2,1,15,0,2.0,40%,4.0,2.0,3,415,352,85%,0.12,1.0
62,1180388,127,Flamengo,0,11,15,4,10,5,12,8,2.0,60%,1.0,0.0,1,512,443,87%,0.82,0.0
63,1180388,120,Botafogo,3,1,9,5,4,5,15,3,1.0,40%,4.0,0.0,0,358,290,81%,1.01,0.0
64,1180390,131,Corinthians,7,4,17,6,8,9,15,6,1.0,31%,4.0,0.0,2,269,212,79%,1.23,0.0
65,1180390,124,Fluminense,2,5,13,6,3,10,15,8,2.0,69%,2.0,0.0,4,627,559,89%,0.38,0.0
66,1180386,135,Cruzeiro,6,5,15,4,7,8,12,10,0.0,54%,2.0,0.0,3,469,399,85%,1.2,0.0
67,1180386,136,Vitoria,3,5,8,0,3,5,6,4,0.0,46%,0.0,0.0,3,404,340,84%,0.3,0.0
68,1180394,152,Juventude,5,6,15,4,11,4,12,4,1.0,55%,2.0,0.0,6,456,379,83%,1.17,0.0
69,1180394,134,Atletico Paranaense,6,5,15,4,6,9,17,6,3.0,45%,2.0,0.0,4,373,295,79%,1.28,0.0
70,1180392,154,Fortaleza EC,5,9,22,8,17,5,9,12,1.0,44%,1.0,0.0,2,324,232,72%,1.68,0.0
71,1180392,794,RB Bragantino,4,4,10,2,7,3,6,6,2.0,56%,1.0,0.0,4,429,324,76%,0.48,0.0
72,1180385,119,Internacional,5,9,22,8,17,5,13,13,1.0,72%,0.0,0.0,1,638,551,86%,1.92,0.0
73,1180385,144,Atletico Goianiense,2,0,4,2,2,2,12,0,5.0,28%,4.0,0.0,4,253,178,70%,0.34,0.0
74,1180391,126,Sao Paulo,1,8,16,7,11,5,10,6,2.0,57%,4.0,0.0,2,432,347,80%,0.87,0.0
75,1180391,121,Palmeiras,3,3,9,3,3,6,20,4,3.0,43%,3.0,0.0,1,329,253,77%,0.83,0.0
76,1180398,124,Fluminense,5,4,11,2,5,6,11,4,0.0,43%,5.0,0.0,5,350,260,74%,1.81,0.0
77,1180398,1062,Atletico-MG,7,6,19,6,12,7,18,10,3.0,57%,2.0,0.0,3,442,361,82%,1.28,0.0
78,1180401,794,RB Bragantino,3,5,18,10,6,12,17,8,0.0,43%,2.0,0.0,5,297,214,72%,0.65,0.0
79,1180401,127,Flamengo,6,6,19,7,11,8,10,4,1.0,57%,2.0,0.0,2,415,324,78%,1.77,0.0
80,1180400,131,Corinthians,9,6,18,3,9,9,14,9,0.0,65%,1.0,0.0,2,529,443,84%,1.85,2.0
81,1180400,154,Fortaleza EC,2,4,12,6,7,5,17,5,3.0,35%,7.0,0.0,9,282,207,73%,1.1,2.0
82,1180402,134,Atletico Paranaense,7,13,26,6,11,15,11,6,3.0,56%,1.0,0.0,2,479,428,89%,2.32,0.0
83,1180402,133,Vasco DA Gama,1,6,7,0,5,2,9,5,3.0,44%,0.0,1.0,6,371,296,80%,0.5,0.0
84,1180397,136,Vitoria,2,1,6,3,3,3,10,3,0.0,33%,3.0,1.0,3,277,217,78%,0.25,0.0
85,1180397,126,Sao Paulo,8,8,20,4,15,5,13,8,2.0,67%,4.0,0.0,1,574,520,91%,2.96,0.0
86,1180399,120,Botafogo,5,10,16,1,6,10,10,5,6.0,55%,2.0,0.0,2,530,473,89%,0.88,0.0
87,1180399,118,Bahia,4,5,10,1,7,3,5,1,0.0,45%,2.0,0.0,4,438,366,84%,2.78,0.0
88,1180403,1193,Cuiaba,1,6,9,2,6,3,10,6,2.0,45%,2.0,0.0,4,383,322,84%,0.39,0.0
89,1180403,121,Palmeiras,6,6,15,3,7,8,11,6,1.0,55%,3.0,0.0,1,471,398,85%,1.8,0.0
90,1180408,127,Flamengo,9,4,18,5,10,8,12,13,1.0,58%,1.0,0.0,3,501,422,84%,1.7,0.0
91,1180408,131,Corinthians,3,5,13,5,9,4,16,6,1.0,42%,1.0,0.0,8,361,295,82%,1.75,0.0
92,1180410,121,Palmeiras,5,11,23,7,11,12,11,9,1.0,63%,4.0,0.0,5,407,349,86%,1.99,1.0
93,1180410,134,Atletico Paranaense,6,2,11,3,7,4,17,6,1.0,37%,6.0,1.0,5,258,189,73%,0.86,1.0
94,1180413,144,Atletico Goianiense,5,6,17,6,14,3,13,5,0.0,46%,1.0,0.0,3,374,291,78%,1.48,0.0
95,1180413,135,Cruzeiro,5,3,12,4,6,6,10,5,2.0,54%,2.0,0.0,5,443,350,79%,0.53,0.0
96,1180412,154,Fortaleza EC,4,5,10,1,4,6,12,6,5.0,43%,4.0,0.0,4,351,288,82%,0.61,0.0
97,1180412,120,Botafogo,5,5,11,1,5,6,19,5,0.0,57%,6.0,0.0,2,492,417,85%,0.58,0.0
98,1180407,118,Bahia,3,3,8,2,6,2,12,6,4.0,50%,2.0,0.0,5,389,309,79%,0.78,0.0
99,1180407,794,RB Bragantino,5,6,15,4,7,8,15,7,3.0,50%,3.0,0.0,2,401,319,80%,0.5,0.0
100,1180409,133,Vasco DA Gama,8,3,17,6,12,5,12,4,1.0,57%,5.0,0.0,4,526,462,88%,1.69,0.0
101,1180409,136,Vitoria,5,5,13,3,8,5,12,4,0.0,43%,2.0,1.0,6,387,312,81%,1.68,0.0
102,1180411,126,Sao Paulo,8,4,15,3,11,4,15,7,4.0,49%,5.0,0.0,2,403,351,87%,1.77,0.0
103,1180411,124,Fluminense,2,4,7,1,5,2,12,4,0.0,51%,3.0,0.0,6,420,363,86%,0.59,0.0
104,1180415,130,Gremio,1,4,9,4,7,2,16,6,0.0,44%,4.0,0.0,2,381,279,73%,0.82,0.0
105,1180415,794,RB Bragantino,4,7,14,3,7,7,19,0,1.0,56%,2.0,0.0,1,504,415,82%,1.36,0.0
106,1180417,136,Vitoria,3,4,12,5,7,5,7,3,0.0,33%,3.0,2.0,3,302,232,77%,0.58,0.0
107,1180417,144,Atletico Goianiense,5,5,12,2,7,5,9,4,1.0,67%,2.0,0.0,3,616,557,90%,1.36,0.0
108,1180418,124,Fluminense,4,8,17,5,10,7,13,5,1.0,62%,2.0,0.0,3,562,513,91%,2.34,0.0
109,1180418,152,Juventude,4,4,12,4,5,7,19,3,3.0,38%,4.0,1.0,3,341,281,82%,1.3,0.0
110,1180423,1193,Cuiaba,3,4,8,1,6,2,12,0,4.0,36%,4.0,0.0,1,275,210,76%,0.44,0.0
111,1180423,119,Internacional,3,3,9,3,6,3,21,2,1.0,64%,4.0,0.0,3,499,425,85%,1.05,0.0
112,1180420,131,Corinthians,7,7,16,2,8,8,7,2,3.0,53%,2.0,0.0,1,444,361,81%,0.77,0.0
113,1180420,120,Botafogo,2,3,9,4,5,4,16,5,2.0,47%,4.0,0.0,7,398,310,78%,1.1,0.0
114,1180419,133,Vasco DA Gama,2,0,2,0,2,0,18,1,1.0,27%,2.0,1.0,12,229,163,71%,0.09,0.0
115,1180419,127,Flamengo,18,4,30,8,19,11,6,8,1.0,73%,0.0,0.0,1,651,600,92%,3.86,0.0
116,1180424,140,Criciuma,4,4,12,4,6,6,17,4,0.0,39%,7.0,0.0,3,280,200,71%,1.25,0.0
117,1180424,121,Palmeiras,5,11,23,7,9,14,9,6,1.0,61%,3.0,0.0,3,432,345,80%,2.88,0.0
118,1180416,1062,Atletico-MG,4,11,21,6,6,15,13,5,6.0,64%,6.0,0.0,1,580,516,89%,0.97,0.0
119,1180416,118,Bahia,2,4,9,3,3,6,9,4,0.0,36%,4.0,0.0,3,319,245,77%,0.41,0.0
120,1180421,126,Sao Paulo,4,6,11,1,6,5,18,4,0.0,56%,2.0,0.0,3,583,525,90%,0.57,-1.0
121,1180421,135,Cruzeiro,3,5,10,2,7,3,11,2,1.0,44%,2.0,1.0,2,464,403,87%,0.6,-1.0
122,1180422,154,Fortaleza EC,4,4,11,3,6,5,12,2,0.0,52%,3.0,0.0,2,425,342,80%,1.27,0.0
123,1180422,134,Atletico Paranaense,2,9,15,4,7,8,17,4,2.0,48%,4.0,0.0,3,387,315,81%,0.71,0.0
124,1180404,152,Juventude,2,5,8,1,3,5,13,4,1.0,42%,3.0,1.0,5,351,262,75%,1.25,0.0
125,1180404,144,Atletico Goianiense,5,9,22,8,15,7,12,7,1.0,58%,4.0,0.0,1,487,400,82%,1.66,0.0
126,1180373,1193,Cuiaba,0,7,11,4,6,5,19,4,1.0,54%,3.0,0.0,4,444,369,83%,0.42,0.0
127,1180373,136,Vitoria,4,7,13,2,6,7,14,3,1.0,46%,4.0,0.0,0,379,311,82%,0.96,0.0
128,1180414,140,Criciuma,9,9,23,5,12,11,10,6,5.0,62%,5.0,1.0,2,506,434,86%,1.78,0.0
129,1180414,1193,Cuiaba,7,4,13,2,8,5,13,2,0.0,38%,6.0,0.0,6,317,244,77%,1.47,0.0
130,1180433,144,Atletico Goianiense,7,8,22,7,18,4,12,3,1.0,73%,3.0,0.0,1,520,453,87%,3.08,0.0
131,1180433,131,Corinthians,3,3,7,1,5,2,13,4,0.0,27%,5.0,1.0,6,191,123,64%,0.43,0.0
132,1180434,152,Juventude,2,8,12,2,9,3,16,5,1.0,60%,3.0,0.0,3,509,423,83%,0.68,0.0
133,1180434,136,Vitoria,4,9,18,5,7,11,8,4,1.0,40%,4.0,0.0,1,347,276,80%,0.48,0.0
134,1180429,120,Botafogo,6,9,19,4,13,6,22,14,4.0,44%,3.0,0.0,0,311,241,77%,1.75,0.0
135,1180429,124,Fluminense,0,5,6,1,4,2,13,2,0.0,56%,3.0,0.0,5,406,341,84%,0.22,0.0
136,1180431,794,RB Bragantino,5,7,15,3,7,8,17,8,1.0,55%,5.0,1.0,2,421,340,81%,1.18,0.0
137,1180431,1062,Atletico-MG,4,2,10,4,6,4,18,5,2.0,45%,6.0,1.0,4,342,248,73%,1.01,0.0
138,1180426,135,Cruzeiro,6,5,12,1,7,5,9,6,0.0,51%,3.0,0.0,4,441,380,86%,1.01,0.0
139,1180426,1193,Cuiaba,5,5,16,6,11,5,12,4,1.0,49%,2.0,0.0,4,413,353,85%,1.68,0.0
140,1180425,119,Internacional,0,6,7,1,4,3,15,5,1.0,54%,5.0,0.0,5,434,365,84%,0.2,0.0
141,1180425,126,Sao Paulo,4,3,9,2,8,1,18,3,3.0,46%,4.0,0.0,0,385,307,80%,0.79,0.0
142,1180428,127,Flamengo,6,8,16,2,10,6,9,4,0.0,42%,2.0,0.0,4,380,331,87%,0.96,0.0
143,1180428,130,Gremio,5,6,15,4,10,5,10,6,0.0,58%,4.0,0.0,4,537,479,89%,0.98,0.0
144,1180432,134,Atletico Paranaense,7,10,23,6,14,9,9,5,2.0,57%,0.0,0.0,3,479,404,84%,2.69,0.0
145,1180432,140,Criciuma,4,5,12,3,7,5,12,3,3.0,43%,1.0,0.0,4,366,287,78%,1.4,0.0
146,1180427,118,Bahia,3,6,12,3,6,6,14,5,0.0,54%,6.0,0.0,6,513,430,84%,1.43,0.0
147,1180427,154,Fortaleza EC,6,8,21,7,11,10,9,9,6.0,46%,1.0,0.0,2,418,352,84%,1.28,0.0
148,1180430,121,Palmeiras,6,13,28,9,14,14,10,10,1.0,57%,1.0,0.0,2,397,330,83%,2.36,0.0
149,1180430,133,Vasco DA Gama,2,6,9,1,5,4,14,6,1.0,43%,2.0,0.0,4,298,224,75%,0.24,0.0
150,1180441,794,RB Bragantino,2,1,6,3,5,1,12,1,0.0,36%,4.0,1.0,5,296,226,76%,0.48,-1.0
151,1180441,152,Juventude,6,5,14,3,8,6,12,1,5.0,64%,4.0,0.0,0,538,463,86%,2.07,-1.0
152,1180438,124,Fluminense,5,4,9,0,5,4,10,3,1.0,56%,4.0,1.0,5,563,471,84%,0.67,0.0
153,1180438,144,Atletico Goianiense,7,7,17,3,11,6,12,3,1.0,44%,1.0,0.0,4,440,340,77%,1.87,0.0
154,1180440,131,Corinthians,8,4,16,4,8,8,15,9,1.0,40%,4.0,1.0,6,337,289,86%,1.02,0.0
155,1180440,126,Sao Paulo,7,2,12,3,6,6,10,5,1.0,60%,5.0,0.0,6,518,450,87%,0.99,0.0
156,1180442,134,Atletico Paranaense,3,6,14,5,5,9,11,5,0.0,48%,4.0,1.0,5,370,309,84%,1.79,0.0
157,1180442,127,Flamengo,6,1,9,2,7,2,11,9,2.0,52%,3.0,0.0,2,407,329,81%,0.57,0.0
158,1180437,136,Vitoria,4,5,11,2,7,4,6,4,3.0,39%,1.0,0.0,4,345,265,77%,1.48,0.0
159,1180437,119,Internacional,5,8,15,2,9,6,16,2,2.0,61%,5.0,0.0,2,535,457,85%,1.22,0.0
160,1180435,130,Gremio,4,5,15,6,8,7,12,7,0.0,45%,3.0,0.0,3,406,323,80%,1.03,0.0
161,1180435,120,Botafogo,5,5,14,4,8,6,11,4,0.0,55%,3.0,0.0,2,504,425,84%,0.7,0.0
162,1180439,133,Vasco DA Gama,4,7,14,3,8,6,11,5,0.0,50%,2.0,0.0,2,373,276,74%,1.06,1.0
163,1180439,135,Cruzeiro,2,3,8,3,1,7,11,5,3.0,50%,4.0,0.0,4,387,292,75%,0.21,1.0
164,1180444,140,Criciuma,5,6,17,6,12,5,14,6,4.0,32%,4.0,1.0,4,228,146,64%,1.92,0.0
165,1180444,118,Bahia,6,10,22,6,9,13,13,7,1.0,68%,1.0,0.0,3,518,439,85%,0.78,0.0
166,1180443,1193,Cuiaba,13,5,21,3,11,10,9,5,1.0,55%,1.0,0.0,0,511,460,90%,3.59,0.0
167,1180443,154,Fortaleza EC,0,2,2,0,1,1,6,1,1.0,45%,3.0,2.0,8,416,359,86%,0.06,0.0
168,1180436,1062,Atletico-MG,3,5,11,3,5,6,16,3,1.0,52%,5.0,2.0,5,415,328,79%,0.37,0.0
169,1180436,121,Palmeiras,9,8,22,5,14,8,16,6,2.0,48%,3.0,0.0,3,373,293,79%,2.79,0.0
170,1180449,120,Botafogo,1,7,8,0,4,4,13,5,1.0,62%,0.0,0.0,5,508,440,87%,0.62,0.0
171,1180449,134,Atletico Paranaense,6,5,16,5,12,4,14,9,2.0,38%,5.0,0.0,0,311,255,82%,1.48,0.0
172,1180453,144,Atletico Goianiense,1,8,12,3,7,5,10,5,1.0,50%,1.0,1.0,5,462,370,80%,0.64,0.0
173,1180453,140,Criciuma,7,5,19,7,12,7,11,1,4.0,50%,1.0,0.0,0,470,369,79%,1.51,0.0
174,1180451,126,Sao Paulo,4,10,15,1,8,7,5,4,3.0,66%,2.0,0.0,2,618,559,90%,0.87,0.0
175,1180451,1193,Cuiaba,3,7,11,1,6,5,16,6,0.0,34%,3.0,0.0,4,318,250,79%,0.48,0.0
176,1180454,152,Juventude,5,5,14,4,6,8,13,5,1.0,55%,2.0,0.0,2,443,370,84%,1.34,-1.0
177,1180454,133,Vasco DA Gama,2,3,6,1,4,2,18,4,5.0,45%,3.0,1.0,3,365,290,79%,0.32,-1.0
178,1180452,154,Fortaleza EC,4,6,13,3,8,5,15,8,1.0,52%,3.0,0.0,2,526,463,88%,1.71,0.0
179,1180452,130,Gremio,2,4,8,2,3,5,7,3,3.0,48%,4.0,1.0,3,499,426,85%,1.01,0.0
180,1180445,119,Internacional,5,2,11,4,4,7,17,3,4.0,47%,1.0,0.0,3,362,285,79%,0.52,0.0
181,1180445,131,Corinthians,3,4,13,6,7,6,13,7,1.0,53%,2.0,0.0,4,390,306,78%,0.82,0.0
182,1180446,135,Cruzeiro,5,7,17,5,9,8,16,6,3.0,35%,3.0,0.0,4,329,265,81%,1.82,0.0
183,1180446,124,Fluminense,4,4,9,1,4,5,11,5,0.0,65%,2.0,0.0,3,632,567,90%,0.31,0.0
184,1180447,136,Vitoria,6,5,12,1,8,4,15,2,0.0,39%,2.0,0.0,5,344,259,75%,1.47,-2.0
185,1180447,1062,Atletico-MG,7,8,19,4,11,8,13,4,1.0,61%,2.0,0.0,2,534,458,86%,1.91,-2.0
186,1180448,127,Flamengo,3,7,14,4,8,6,8,6,1.0,35%,1.0,0.0,2,364,316,87%,1.09,0.0
187,1180448,118,Bahia,3,5,8,0,4,4,10,2,3.0,65%,1.0,0.0,1,720,666,93%,0.75,0.0
188,1180450,121,Palmeiras,7,6,24,11,16,8,10,10,5.0,41%,0.0,0.0,2,308,227,74%,3.16,1.0
189,1180450,794,RB Bragantino,3,8,13,2,8,5,9,3,2.0,59%,2.0,0.0,5,462,371,80%,1.4,1.0
190,1180464,140,Criciuma,4,6,16,6,8,8,16,4,2.0,38%,4.0,0.0,1,314,231,74%,1.27,0.0
191,1180464,120,Botafogo,2,6,11,3,9,2,14,7,1.0,62%,3.0,0.0,2,519,443,85%,0.71,0.0
192,1180455,130,Gremio,2,5,10,3,7,3,12,5,1.0,58%,3.0,0.0,1,498,393,79%,0.51,0.0
193,1180455,119,Internacional,2,9,16,5,9,7,11,4,0.0,42%,2.0,0.0,2,362,281,78%,1.14,0.0
194,1180463,1193,Cuiaba,3,5,10,2,7,3,9,5,0.0,53%,3.0,0.0,9,434,350,81%,0.91,0.0
195,1180463,144,Atletico Goianiense,9,4,18,5,8,10,12,4,1.0,47%,1.0,0.0,3,389,313,80%,0.72,0.0
196,1180459,133,Vasco DA Gama,7,6,14,1,12,2,13,2,0.0,41%,3.0,0.0,1,344,279,81%,1.28,-2.0
197,1180459,126,Sao Paulo,2,3,10,5,7,3,14,8,1.0,59%,1.0,0.0,4,490,430,88%,0.36,-2.0
198,1180457,118,Bahia,6,3,14,5,7,7,6,3,4.0,64%,0.0,0.0,0,647,589,91%,2.72,0.0
199,1180457,135,Cruzeiro,1,5,7,1,3,4,13,1,4.0,36%,3.0,1.0,2,380,314,83%,0.7,0.0
200,1180458,124,Fluminense,0,2,2,0,1,1,16,2,4.0,54%,4.0,1.0,3,468,391,84%,0.26,0.0
201,1180458,127,Flamengo,4,8,14,2,8,6,13,6,0.0,46%,3.0,0.0,0,382,307,80%,2.0,0.0
202,1180462,134,Atletico Paranaense,7,8,20,5,12,8,19,11,1.0,54%,2.0,0.0,5,372,310,83%,1.42,0.0
203,1180462,131,Corinthians,6,7,15,2,4,11,12,2,1.0,46%,1.0,0.0,7,318,264,83%,1.18,0.0
204,1180460,121,Palmeiras,10,12,28,6,15,13,14,10,3.0,57%,2.0,0.0,7,424,348,82%,2.88,0.0
205,1180460,152,Juventude,8,6,16,2,10,6,7,4,0.0,43%,3.0,0.0,7,333,261,78%,1.37,0.0
206,1180461,794,RB Bragantino,6,7,16,3,9,7,10,6,2.0,64%,3.0,0.0,4,554,476,86%,1.47,0.0
207,1180461,136,Vitoria,5,3,10,2,8,2,11,7,4.0,36%,2.0,0.0,4,305,228,75%,0.68,0.0
208,1180456,1062,Atletico-MG,8,5,21,8,11,10,15,3,1.0,67%,3.0,0.0,2,514,439,85%,0.9,0.0
209,1180456,154,Fortaleza EC,3,7,13,3,10,3,17,4,0.0,33%,2.0,0.0,7,255,172,67%,1.29,0.0
210,1180469,120,Botafogo,4,7,12,1,2,10,13,7,1.0,49%,2.0,0.0,5,410,322,79%,0.55,-1.0
211,1180469,794,RB Bragantino,6,4,13,3,7,6,12,4,1.0,51%,3.0,0.0,2,426,346,81%,1.49,-1.0
212,1180466,135,Cruzeiro,7,8,22,7,10,12,8,7,1.0,49%,2.0,0.0,3,448,383,85%,1.94,1.0
213,1180466,134,Atletico Paranaense,3,6,14,5,10,4,6,12,0.0,51%,2.0,0.0,5,448,381,85%,0.69,1.0
214,1180470,131,Corinthians,7,9,24,8,14,10,10,13,2.0,66%,3.0,0.0,3,481,413,86%,1.13,0.0
215,1180470,1193,Cuiaba,4,3,13,6,8,5,13,1,1.0,34%,4.0,0.0,6,272,209,77%,1.68,0.0
216,1180473,144,Atletico Goianiense,5,8,16,3,10,6,13,5,2.0,49%,7.0,0.0,3,399,325,81%,1.69,0.0
217,1180473,130,Gremio,4,5,11,2,6,5,11,8,0.0,51%,4.0,0.0,4,408,342,84%,0.45,0.0
218,1180474,152,Juventude,8,6,15,1,12,3,9,7,4.0,53%,2.0,0.0,4,504,437,87%,2.45,1.0
219,1180474,127,Flamengo,5,2,9,2,8,1,10,8,2.0,47%,1.0,0.0,7,458,387,84%,1.63,1.0
220,1180467,118,Bahia,8,6,17,3,10,7,14,7,4.0,63%,0.0,0.0,2,601,558,93%,2.48,0.0
221,1180467,133,Vasco DA Gama,3,6,9,0,6,3,15,0,1.0,37%,5.0,1.0,6,362,309,85%,1.84,0.0
222,1180465,119,Internacional,6,3,13,4,8,5,17,5,3.0,46%,4.0,0.0,3,414,346,84%,1.68,1.0
223,1180465,1062,Atletico-MG,5,5,15,5,6,9,10,9,0.0,54%,4.0,0.0,6,488,416,85%,1.53,1.0
224,1180472,154,Fortaleza EC,6,2,12,4,7,5,17,3,0.0,32%,2.0,0.0,7,251,169,67%,1.02,0.0
225,1180472,121,Palmeiras,7,6,17,4,9,8,11,8,2.0,68%,2.0,0.0,3,530,438,83%,1.2,0.0
226,1180468,124,Fluminense,5,4,12,3,6,6,14,6,2.0,64%,3.0,0.0,5,645,575,89%,0.34,1.0
227,1180468,136,Vitoria,6,1,9,2,5,4,12,2,0.0,36%,1.0,0.0,5,370,291,79%,0.46,1.0
228,1180471,126,Sao Paulo,6,4,13,3,4,9,10,2,1.0,62%,2.0,0.0,0,594,535,90%,0.47,0.0
229,1180471,140,Criciuma,2,6,10,2,5,5,22,2,0.0,38%,4.0,0.0,4,351,289,82%,1.48,0.0
230,1180479,133,Vasco DA Gama,2,6,10,2,7,3,13,0,0.0,54%,4.0,0.0,5,439,371,85%,0.46,0.0
231,1180479,120,Botafogo,6,4,13,3,6,7,23,5,0.0,46%,5.0,0.0,1,370,298,81%,0.49,0.0
232,1180483,1193,Cuiaba,2,3,5,0,3,2,13,3,2.0,34%,4.0,1.0,4,270,197,73%,0.25,0.0
233,1180483,794,RB Bragantino,5,5,14,4,4,10,16,11,2.0,66%,2.0,0.0,1,530,464,88%,0.32,0.0
234,1180476,1062,Atletico-MG,6,4,15,5,6,9,10,5,0.0,68%,0.0,0.0,4,576,496,86%,0.75,0.0
235,1180476,144,Atletico Goianiense,6,4,12,2,12,0,11,8,2.0,32%,1.0,0.0,5,258,185,72%,1.15,0.0
236,1180481,126,Sao Paulo,4,6,10,0,7,3,15,4,2.0,41%,4.0,0.0,5,411,350,85%,1.21,-1.0
237,1180481,118,Bahia,6,7,15,2,11,4,9,4,0.0,59%,1.0,0.0,1,608,554,91%,1.04,-1.0
238,1180475,130,Gremio,9,4,16,3,9,7,13,6,0.0,47%,2.0,0.0,3,424,347,82%,1.05,0.0
239,1180475,124,Fluminense,3,3,8,2,3,5,14,1,1.0,53%,3.0,1.0,8,488,419,86%,0.5,0.0
240,1180482,154,Fortaleza EC,7,6,19,6,14,5,22,7,0.0,38%,2.0,0.0,2,286,216,76%,2.84,1.0
241,1180482,152,Juventude,3,7,12,2,6,6,16,5,0.0,62%,0.0,0.0,5,479,404,84%,1.12,1.0
242,1180478,127,Flamengo,3,3,7,1,5,2,5,2,0.0,46%,1.0,0.0,4,390,316,81%,0.57,0.0
243,1180478,135,Cruzeiro,5,6,14,3,4,10,17,5,2.0,54%,3.0,0.0,1,458,377,82%,0.63,0.0
244,1180477,136,Vitoria,3,6,16,7,10,6,12,7,1.0,59%,3.0,0.0,2,509,437,86%,1.07,0.0
245,1180477,134,Atletico Paranaense,2,2,7,3,5,2,16,6,1.0,41%,2.0,0.0,3,349,289,83%,0.95,0.0
246,1180484,140,Criciuma,7,4,17,6,10,7,10,5,2.0,46%,2.0,0.0,3,410,338,82%,0.87,0.0
247,1180484,119,Internacional,4,6,12,2,10,2,14,5,1.0,54%,3.0,0.0,6,489,404,83%,1.16,0.0
248,1180480,121,Palmeiras,10,3,20,7,9,11,18,7,2.0,49%,3.0,1.0,4,297,230,77%,1.02,0.0
249,1180480,131,Corinthians,3,8,13,2,8,5,10,3,0.0,51%,4.0,0.0,8,315,244,77%,0.86,0.0
250,1180493,1193,Cuiaba,6,4,11,1,6,5,8,7,2.0,51%,4.0,0.0,2,454,398,88%,1.57,0.0
251,1180493,120,Botafogo,4,0,6,2,3,3,15,5,7.0,49%,1.0,0.0,5,446,384,86%,0.79,0.0
252,1180489,133,Vasco DA Gama,9,5,19,5,11,8,21,7,2.0,59%,4.0,0.0,4,518,436,84%,1.82,0.0
253,1180489,154,Fortaleza EC,4,4,10,2,4,6,12,3,1.0,41%,3.0,1.0,7,349,276,79%,0.48,0.0
254,1180494,140,Criciuma,6,5,13,2,10,3,11,7,2.0,35%,4.0,1.0,6,307,223,73%,1.59,0.0
255,1180494,135,Cruzeiro,6,10,17,1,12,5,7,10,1.0,65%,2.0,0.0,5,604,541,90%,1.08,0.0
256,1180492,134,Atletico Paranaense,4,6,12,2,7,5,19,6,1.0,45%,1.0,1.0,6,402,347,86%,0.4,0.0
257,1180492,126,Sao Paulo,8,1,13,4,7,6,8,2,2.0,55%,3.0,0.0,3,513,458,89%,1.63,0.0
258,1180491,794,RB Bragantino,5,5,13,3,7,6,15,3,1.0,52%,2.0,0.0,5,389,304,78%,1.5,0.0
259,1180491,144,Atletico Goianiense,6,6,13,1,5,8,9,8,3.0,48%,3.0,0.0,2,361,286,79%,0.67,0.0
260,1180486,1062,Atletico-MG,4,3,11,4,7,4,12,4,1.0,52%,4.0,1.0,4,451,392,87%,2.39,0.0
261,1180486,127,Flamengo,8,3,14,3,10,4,11,4,2.0,48%,2.0,0.0,2,413,352,85%,2.13,0.0
262,1180487,118,Bahia,9,8,22,5,12,10,15,6,1.0,57%,0.0,0.0,1,541,484,89%,1.86,0.0
263,1180487,152,Juventude,2,5,10,3,3,7,9,7,1.0,43%,4.0,0.0,7,400,340,85%,0.65,0.0
264,1180485,130,Gremio,5,4,14,5,10,4,9,5,0.0,40%,2.0,0.0,3,297,215,72%,2.2,0.0
265,1180485,121,Palmeiras,5,9,21,7,12,9,13,10,0.0,60%,3.0,0.0,2,426,357,84%,2.35,0.0
266,1180488,124,Fluminense,3,4,8,1,4,4,17,3,1.0,55%,6.0,0.0,3,498,444,89%,0.34,0.0
267,1180488,119,Internacional,4,3,12,5,5,7,17,4,4.0,45%,5.0,0.0,2,417,341,82%,0.76,0.0
268,1180490,131,Corinthians,5,4,14,5,10,4,15,9,0.0,44%,4.0,0.0,4,379,318,84%,0.66,-2.0
269,1180490,136,Vitoria,6,7,18,5,10,8,10,9,2.0,56%,3.0,0.0,2,499,439,88%,1.92,-2.0
270,1180501,126,Sao Paulo,4,3,14,7,12,2,10,6,2.0,60%,2.0,0.0,3,464,392,84%,1.87,1.0
271,1180501,794,RB Bragantino,3,5,10,2,7,3,9,3,1.0,40%,2.0,0.0,2,313,240,77%,0.95,1.0
272,1180498,127,Flamengo,10,6,20,4,8,12,14,7,3.0,66%,1.0,0.0,2,611,527,86%,1.39,1.0
273,1180498,1193,Cuiaba,3,4,7,0,4,3,12,0,3.0,34%,3.0,0.0,9,327,252,77%,0.78,1.0
274,1180496,135,Cruzeiro,5,4,12,3,6,6,22,8,3.0,47%,2.0,0.0,2,382,314,82%,1.47,-1.0
275,1180496,131,Corinthians,2,8,15,5,6,9,12,8,3.0,53%,1.0,0.0,2,422,357,85%,1.18,-1.0
276,1180504,152,Juventude,6,6,14,2,8,6,14,3,0.0,49%,1.0,0.0,5,433,371,86%,1.66,0.0
277,1180504,130,Gremio,5,3,13,5,5,8,10,8,2.0,51%,3.0,0.0,3,467,392,84%,0.77,0.0
278,1180502,154,Fortaleza EC,6,9,19,4,14,5,13,12,1.0,42%,1.0,0.0,3,314,241,77%,2.03,0.0
279,1180502,124,Fluminense,3,7,11,1,4,7,14,3,0.0,58%,2.0,0.0,5,456,385,84%,0.35,0.0
280,1180495,119,Internacional,6,7,14,1,8,6,16,4,2.0,65%,2.0,0.0,4,614,538,88%,1.29,0.0
281,1180495,133,Vasco DA Gama,6,2,8,0,5,3,12,4,0.0,35%,2.0,0.0,5,337,249,74%,0.73,0.0
282,1180500,121,Palmeiras,4,6,12,2,7,5,15,4,5.0,44%,1.0,0.0,3,402,344,86%,0.86,0.0
283,1180500,118,Bahia,3,6,13,4,9,4,10,3,3.0,56%,1.0,0.0,2,524,466,89%,1.93,0.0
284,1180497,136,Vitoria,3,4,9,2,8,1,12,6,1.0,45%,1.0,0.0,1,390,328,84%,1.65,0.0
285,1180497,140,Criciuma,2,5,13,6,9,4,18,3,2.0,55%,2.0,0.0,1,478,412,86%,0.96,0.0
286,1180503,144,Atletico Goianiense,3,4,12,5,8,4,11,4,0.0,43%,1.0,1.0,4,296,207,70%,0.66,0.0
287,1180503,134,Atletico Paranaense,6,5,17,6,14,3,11,11,0.0,57%,3.0,0.0,2,399,302,76%,1.03,0.0
288,1180499,120,Botafogo,8,6,19,5,7,12,19,3,0.0,57%,2.0,0.0,2,504,444,88%,1.15,0.0
289,1180499,1062,Atletico-MG,2,3,6,1,0,6,12,2,0.0,43%,1.0,1.0,5,375,313,83%,0.17,0.0
290,1180505,130,Gremio,3,3,8,2,5,3,9,1,1.0,45%,1.0,1.0,4,465,388,83%,1.01,0.0
291,1180505,135,Cruzeiro,6,4,14,4,7,7,10,5,1.0,55%,1.0,0.0,3,588,515,88%,1.03,0.0
292,1180509,133,Vasco DA Gama,3,5,14,6,8,6,15,7,3.0,50%,3.0,0.0,2,370,310,84%,0.93,-1.0
293,1180509,131,Corinthians,2,7,11,2,5,6,10,5,1.0,50%,5.0,0.0,1,372,304,82%,0.42,-1.0
294,1180512,134,Atletico Paranaense,8,9,22,5,14,8,13,9,3.0,52%,2.0,0.0,2,477,401,84%,1.93,0.0
295,1180512,118,Bahia,5,2,7,0,4,3,13,2,2.0,48%,4.0,0.0,7,457,380,83%,1.3,0.0
296,1180510,121,Palmeiras,6,13,23,4,15,8,9,9,0.0,64%,2.0,0.0,2,549,469,85%,3.31,0.0
297,1180510,144,Atletico Goianiense,3,4,11,4,2,9,19,2,1.0,36%,2.0,0.0,4,307,222,72%,0.47,0.0
298,1180508,127,Flamengo,7,9,21,5,11,10,9,9,2.0,70%,1.0,0.0,1,572,494,86%,2.05,1.0
299,1180508,154,Fortaleza EC,2,3,7,2,3,4,11,4,4.0,30%,1.0,0.0,6,246,168,68%,0.39,1.0
300,1180514,140,Criciuma,4,5,13,4,5,8,15,2,2.0,40%,2.0,0.0,9,385,303,79%,1.08,0.0
301,1180514,124,Fluminense,10,2,18,6,11,7,7,5,1.0,60%,1.0,0.0,3,590,511,87%,2.13,0.0
302,1180507,136,Vitoria,5,5,11,1,9,2,16,4,2.0,46%,2.0,0.0,3,386,320,83%,1.02,0.0
303,1180507,120,Botafogo,4,8,15,3,12,3,24,5,2.0,54%,3.0,0.0,4,462,399,86%,2.35,0.0
304,1180506,1062,Atletico-MG,5,7,14,2,3,11,9,2,0.0,62%,2.0,0.0,3,608,546,90%,0.63,0.0
305,1180506,126,Sao Paulo,4,4,11,3,8,3,13,6,0.0,38%,1.0,1.0,3,365,298,82%,1.38,0.0
306,1180517,118,Bahia,2,7,14,5,8,6,4,8,1.0,64%,2.0,0.0,1,669,609,91%,0.92,0.0
307,1180517,1193,Cuiaba,3,6,14,5,11,3,8,4,1.0,36%,3.0,0.0,1,386,321,83%,1.17,0.0
308,1180516,135,Cruzeiro,4,5,10,1,8,2,11,1,5.0,53%,2.0,0.0,4,438,334,76%,1.41,0.0
309,1180516,794,RB Bragantino,5,6,15,4,7,8,14,8,2.0,47%,2.0,0.0,2,375,287,77%,0.82,0.0
310,1180524,152,Juventude,2,2,8,4,3,5,8,1,1.0,27%,2.0,0.0,3,246,174,71%,0.88,0.0
311,1180524,1062,Atletico-MG,5,10,20,5,9,11,12,8,3.0,73%,1.0,0.0,1,681,603,89%,1.77,0.0
312,1180520,131,Corinthians,7,5,14,2,6,8,10,5,0.0,54%,1.0,0.0,3,415,331,80%,0.72,0.0
313,1180520,140,Criciuma,4,8,16,4,8,8,17,5,0.0,46%,0.0,0.0,4,358,269,75%,1.18,0.0
314,1180523,144,Atletico Goianiense,7,5,19,7,13,6,13,4,0.0,52%,2.0,0.0,4,373,296,79%,0.9,0.0
315,1180523,133,Vasco DA Gama,5,8,14,1,4,10,11,6,3.0,48%,3.0,0.0,7,346,260,75%,1.19,0.0
316,1180521,126,Sao Paulo,8,3,14,3,8,6,16,8,0.0,55%,6.0,1.0,5,468,395,84%,0.88,0.0
317,1180521,130,Gremio,5,7,19,7,11,8,8,9,0.0,45%,3.0,0.0,7,391,322,82%,1.48,0.0
318,1180519,120,Botafogo,7,5,16,4,12,4,20,5,2.0,43%,2.0,0.0,5,263,179,68%,1.77,0.0
319,1180519,121,Palmeiras,5,7,18,6,6,12,10,4,1.0,57%,0.0,0.0,6,342,258,75%,1.29,0.0
320,1180522,154,Fortaleza EC,4,5,12,3,5,7,19,1,1.0,48%,4.0,0.0,2,403,338,84%,2.02,-1.0
321,1180522,136,Vitoria,3,5,11,3,6,5,19,6,0.0,52%,3.0,0.0,1,431,362,84%,1.27,-1.0
322,1180528,127,Flamengo,6,7,15,2,9,6,12,7,0.0,63%,4.0,0.0,3,481,409,85%,2.49,1.0
323,1180528,140,Criciuma,4,7,16,5,6,10,21,4,1.0,37%,9.0,1.0,4,283,214,76%,1.23,1.0
324,1180529,120,Botafogo,4,4,10,2,6,4,16,2,2.0,48%,4.0,0.0,1,371,281,76%,0.53,0.0
325,1180529,119,Internacional,1,7,10,2,3,7,14,1,3.0,52%,2.0,0.0,3,406,322,79%,0.74,0.0
326,1180530,121,Palmeiras,5,5,15,5,8,7,16,6,0.0,43%,4.0,0.0,2,303,209,69%,1.32,0.0
327,1180530,135,Cruzeiro,2,4,8,2,5,3,16,4,3.0,57%,4.0,0.0,3,413,329,80%,0.55,0.0
328,1180525,130,Gremio,6,4,13,3,6,7,11,7,0.0,59%,1.0,0.0,0,455,355,78%,1.36,0.0
329,1180525,136,Vitoria,0,3,5,2,2,3,20,4,2.0,41%,7.0,0.0,4,309,217,70%,0.16,0.0
330,1180527,118,Bahia,7,5,17,5,13,4,12,6,1.0,65%,4.0,0.0,1,619,542,88%,1.37,0.0
331,1180527,131,Corinthians,2,4,7,1,5,2,18,3,4.0,35%,4.0,0.0,6,320,265,83%,0.31,0.0
332,1180526,1062,Atletico-MG,3,4,15,8,7,8,13,6,1.0,54%,1.0,0.0,1,525,448,85%,2.22,0.0
333,1180526,133,Vasco DA Gama,1,5,8,2,4,4,6,1,0.0,46%,1.0,0.0,0,431,356,83%,0.61,0.0
334,1180534,152,Juventude,0,8,10,2,5,5,13,1,2.0,37%,4.0,0.0,2,320,253,79%,0.77,0.0
335,1180534,126,Sao Paulo,2,6,11,3,5,6,17,4,1.0,63%,2.0,0.0,0,542,474,87%,0.49,0.0
336,1180532,154,Fortaleza EC,3,5,12,4,5,7,12,5,2.0,60%,5.0,1.0,1,463,395,85%,1.57,0.0
337,1180532,144,Atletico Goianiense,2,6,10,2,6,4,12,6,1.0,40%,3.0,1.0,1,298,242,81%,0.67,0.0
338,1180531,794,RB Bragantino,3,4,12,5,6,6,6,2,0.0,35%,2.0,1.0,7,305,233,76%,0.82,0.0
339,1180531,134,Atletico Paranaense,7,8,19,4,15,4,14,11,2.0,65%,7.0,0.0,2,542,460,85%,1.48,0.0
340,1180533,1193,Cuiaba,6,5,16,5,7,9,19,6,1.0,47%,1.0,0.0,3,414,358,86%,0.64,1.0
341,1180533,124,Fluminense,4,6,10,0,9,1,6,4,1.0,53%,2.0,1.0,6,469,407,87%,1.29,1.0
342,1180536,135,Cruzeiro,5,3,12,4,8,4,14,6,0.0,55%,3.0,0.0,2,421,359,85%,2.47,0.0
343,1180536,152,Juventude,2,2,7,3,3,4,14,5,2.0,45%,5.0,1.0,3,339,273,81%,0.87,0.0
344,1180384,140,Criciuma,7,5,13,1,6,7,11,4,2.0,48%,0.0,0.0,3,394,302,77%,0.48,0.0
345,1180384,154,Fortaleza EC,4,9,15,2,8,7,8,5,2.0,52%,1.0,0.0,6,423,337,80%,1.62,0.0
346,1180541,126,Sao Paulo,6,5,15,4,10,5,17,7,0.0,69%,4.0,0.0,4,593,530,89%,2.03,0.0
347,1180541,120,Botafogo,6,4,12,2,11,1,22,1,0.0,31%,3.0,0.0,4,265,204,77%,1.71,0.0
348,1180537,136,Vitoria,3,6,10,1,6,4,9,4,0.0,43%,1.0,0.0,1,377,306,81%,1.44,0.0
349,1180537,127,Flamengo,4,3,8,1,7,1,15,8,2.0,57%,1.0,0.0,2,507,423,83%,1.03,0.0
350,1180538,124,Fluminense,2,7,14,5,8,6,14,4,1.0,50%,2.0,0.0,1,442,373,84%,0.95,0.0
351,1180538,121,Palmeiras,1,2,7,4,0,7,19,2,1.0,50%,3.0,0.0,1,438,376,86%,0.13,0.0
352,1180543,144,Atletico Goianiense,4,9,15,2,9,6,18,8,4.0,29%,5.0,3.0,1,223,153,69%,1.07,0.0
353,1180543,118,Bahia,2,4,7,1,5,2,12,4,3.0,71%,4.0,0.0,4,584,500,86%,0.85,0.0
354,1180540,131,Corinthians,7,4,14,3,7,7,21,4,1.0,64%,1.0,0.0,5,474,400,84%,1.62,0.0
355,1180540,130,Gremio,7,7,18,4,10,8,17,5,2.0,36%,2.0,0.0,5,272,194,71%,0.95,0.0
356,1180550,121,Palmeiras,3,13,21,5,9,12,14,13,1.0,71%,2.0,0.0,1,610,539,88%,0.79,0.0
357,1180550,136,Vitoria,3,4,10,3,6,4,9,2,1.0,29%,6.0,1.0,3,264,192,73%,0.63,0.0
358,1180554,152,Juventude,5,4,12,3,6,6,13,5,1.0,58%,1.0,0.0,5,487,408,84%,0.47,0.0
359,1180554,140,Criciuma,7,4,14,3,8,6,18,7,0.0,42%,2.0,0.0,4,340,271,80%,1.68,0.0
360,1180547,118,Bahia,3,3,9,3,5,4,12,4,3.0,51%,1.0,0.0,1,500,415,83%,0.86,0.0
361,1180547,119,Internacional,2,6,12,4,6,6,18,2,4.0,49%,3.0,0.0,2,475,400,84%,1.52,0.0
362,1180549,120,Botafogo,10,4,19,5,13,6,14,8,2.0,59%,2.0,0.0,2,494,431,87%,2.19,2.0
363,1180549,135,Cruzeiro,5,6,12,1,7,5,15,1,1.0,41%,4.0,0.0,10,363,295,81%,0.63,2.0
364,1180552,154,Fortaleza EC,2,5,11,4,7,4,15,3,2.0,37%,3.0,1.0,1,280,208,74%,1.33,0.0
365,1180552,126,Sao Paulo,1,6,12,5,10,2,16,10,3.0,63%,4.0,0.0,1,486,417,86%,0.61,0.0
366,1180551,794,RB Bragantino,2,9,13,2,6,7,12,5,0.0,59%,1.0,0.0,2,466,373,80%,0.42,0.0
367,1180551,124,Fluminense,3,1,7,3,4,3,13,6,1.0,41%,2.0,0.0,2,328,246,75%,0.83,0.0
368,1180548,127,Flamengo,6,4,12,2,7,5,9,6,2.0,53%,3.0,0.0,4,508,434,85%,1.29,0.0
369,1180548,144,Atletico Goianiense,3,5,12,4,6,6,12,3,0.0,47%,2.0,0.0,3,446,360,81%,0.44,0.0
370,1180545,130,Gremio,3,7,20,10,10,10,13,8,2.0,53%,3.0,0.0,1,271,169,62%,1.8,0.0
371,1180545,133,Vasco DA Gama,1,8,13,4,5,8,13,3,3.0,47%,4.0,0.0,2,243,129,53%,0.88,0.0
372,1180546,1062,Atletico-MG,4,4,10,2,4,6,17,4,3.0,68%,3.0,1.0,6,589,521,88%,1.93,0.0
373,1180546,131,Corinthians,7,2,11,2,7,4,16,4,1.0,32%,3.0,0.0,2,272,197,72%,1.12,0.0
374,1180553,1193,Cuiaba,5,10,21,6,10,11,8,12,4.0,50%,0.0,0.0,2,432,363,84%,1.51,1.0
375,1180553,134,Atletico Paranaense,4,4,11,3,9,2,12,2,0.0,50%,2.0,0.0,4,464,388,84%,2.09,1.0
376,1180557,136,Vitoria,3,8,17,6,12,5,16,4,1.0,47%,3.0,0.0,2,378,325,86%,1.87,0.0
377,1180557,1193,Cuiaba,2,4,9,3,7,2,17,5,1.0,53%,3.0,0.0,3,442,384,87%,0.79,0.0
378,1180559,133,Vasco DA Gama,3,4,11,4,9,2,8,4,1.0,64%,4.0,0.0,1,550,463,84%,0.75,0.0
379,1180559,794,RB Bragantino,3,3,7,1,6,1,18,3,1.0,36%,1.0,0.0,1,314,246,78%,1.38,0.0
380,1180564,140,Criciuma,5,5,13,3,6,7,14,5,2.0,27%,1.0,0.0,1,239,161,67%,1.67,0.0
381,1180564,1062,Atletico-MG,3,13,19,3,8,11,7,1,3.0,73%,2.0,0.0,3,660,582,88%,1.35,0.0
382,1180563,144,Atletico Goianiense,3,2,9,4,6,3,17,3,1.0,48%,3.0,1.0,6,310,243,78%,1.25,0.0
383,1180563,120,Botafogo,9,1,13,3,7,6,14,7,1.0,52%,3.0,1.0,2,337,266,79%,3.09,0.0
384,1180561,126,Sao Paulo,3,9,15,3,11,4,11,8,3.0,59%,1.0,0.0,0,507,447,88%,1.42,0.0
385,1180561,127,Flamengo,0,5,8,3,2,6,13,3,0.0,41%,3.0,0.0,2,347,281,81%,0.3,0.0
386,1180558,124,Fluminense,6,5,12,1,9,3,12,3,2.0,49%,3.0,0.0,3,458,403,88%,1.06,0.0
387,1180558,118,Bahia,3,6,11,2,7,4,10,3,0.0,51%,2.0,0.0,5,483,416,86%,1.73,0.0
388,1180560,131,Corinthians,10,14,34,10,19,15,16,11,0.0,64%,2.0,0.0,2,430,362,84%,2.37,0.0
389,1180560,152,Juventude,3,1,6,2,5,1,15,3,1.0,36%,7.0,3.0,9,252,163,65%,0.74,0.0
390,1180562,134,Atletico Paranaense,3,10,18,5,10,8,12,9,1.0,75%,2.0,0.0,5,681,604,89%,0.86,0.0
391,1180562,130,Gremio,7,1,9,1,5,4,12,0,3.0,25%,0.0,0.0,3,240,163,68%,2.2,0.0
392,1180555,119,Internacional,7,3,16,6,12,4,19,4,1.0,41%,2.0,0.0,4,388,296,76%,1.57,0.0
393,1180555,121,Palmeiras,5,6,17,6,11,6,6,11,5.0,59%,0.0,0.0,6,554,467,84%,1.43,0.0
394,1180556,135,Cruzeiro,7,5,15,3,8,7,18,5,1.0,68%,4.0,0.0,2,600,513,86%,0.82,0.0
395,1180556,154,Fortaleza EC,4,3,11,4,6,5,17,1,2.0,32%,4.0,0.0,6,287,203,71%,1.23,0.0
396,1180572,154,Fortaleza EC,4,7,16,5,11,5,16,4,2.0,50%,2.0,0.0,2,447,369,83%,1.9,0.0
397,1180572,140,Criciuma,2,7,12,3,4,8,13,6,1.0,50%,4.0,0.0,3,433,352,81%,0.93,0.0
398,1180573,1193,Cuiaba,3,6,15,6,7,8,15,5,3.0,61%,1.0,0.0,3,521,450,86%,0.51,0.0
399,1180573,130,Gremio,6,4,10,0,6,4,7,5,1.0,39%,2.0,0.0,3,345,266,77%,1.36,0.0
400,1180570,131,Corinthians,5,9,19,5,11,8,11,6,3.0,63%,4.0,0.0,5,483,406,84%,1.38,0.0
401,1180570,794,RB Bragantino,6,3,11,2,5,6,18,6,1.0,37%,6.0,0.0,4,294,202,69%,1.21,0.0
402,1180569,133,Vasco DA Gama,3,3,8,2,4,4,23,6,2.0,43%,3.0,0.0,3,416,356,86%,1.22,0.0
403,1180569,124,Fluminense,3,9,12,0,4,8,12,3,1.0,57%,3.0,0.0,1,547,494,90%,0.85,0.0
404,1180566,135,Cruzeiro,1,4,6,1,5,1,19,4,2.0,35%,3.0,0.0,3,307,239,78%,0.29,0.0
405,1180566,1062,Atletico-MG,4,4,12,4,6,6,12,4,2.0,65%,1.0,0.0,1,576,498,86%,0.64,0.0
406,1180574,152,Juventude,8,3,16,5,10,6,10,6,1.0,37%,3.0,0.0,7,309,247,80%,1.85,0.0
407,1180574,120,Botafogo,10,7,24,7,20,4,14,12,0.0,63%,5.0,0.0,4,538,483,90%,1.82,0.0
408,1180567,118,Bahia,3,2,7,2,4,3,10,3,2.0,57%,3.0,0.0,5,509,436,86%,0.64,-1.0
409,1180567,136,Vitoria,5,3,14,6,7,7,12,7,0.0,43%,4.0,0.0,1,372,310,83%,0.97,-1.0
410,1180571,126,Sao Paulo,7,2,12,3,8,4,15,3,1.0,45%,1.0,0.0,6,451,391,87%,2.05,1.0
411,1180571,144,Atletico Goianiense,6,5,13,2,6,7,8,2,1.0,55%,2.0,0.0,5,551,477,87%,0.67,1.0
412,1180568,127,Flamengo,7,2,11,2,7,4,15,4,1.0,52%,1.0,0.0,5,387,297,77%,1.0,1.0
413,1180568,121,Palmeiras,7,2,9,0,5,4,21,2,2.0,48%,4.0,1.0,6,365,293,80%,1.28,1.0
414,1180565,119,Internacional,4,8,23,11,16,7,18,9,0.0,54%,1.0,0.0,3,472,388,82%,2.54,0.0
415,1180565,134,Atletico Paranaense,5,4,12,3,10,2,13,0,2.0,46%,2.0,0.0,1,428,344,80%,1.31,0.0
416,1180405,119,Internacional,10,7,21,4,15,6,19,8,1.0,48%,2.0,0.0,2,393,311,79%,3.42,1.0
417,1180405,152,Juventude,3,4,8,1,5,3,17,1,0.0,52%,4.0,0.0,8,430,334,78%,0.72,1.0
418,1180575,130,Gremio,5,5,13,3,8,5,10,1,1.0,40%,3.0,0.0,3,405,342,84%,1.23,1.0
419,1180575,118,Bahia,5,3,12,4,7,5,10,5,1.0,60%,1.0,0.0,5,619,563,91%,1.73,1.0
420,1180576,1062,Atletico-MG,4,7,13,2,10,3,13,8,3.0,60%,3.0,0.0,4,432,381,88%,1.87,0.0
421,1180576,1193,Cuiaba,6,2,11,3,7,4,14,6,0.0,40%,6.0,0.0,3,290,224,77%,1.27,0.0
422,1180581,794,RB Bragantino,9,2,13,2,9,4,19,9,3.0,61%,4.0,0.0,5,457,367,80%,2.24,1.0
423,1180581,154,Fortaleza EC,7,2,14,5,10,4,13,2,1.0,39%,4.0,0.0,7,300,218,73%,1.97,1.0
424,1180578,124,Fluminense,4,6,16,6,9,7,10,6,0.0,56%,2.0,0.0,2,456,405,89%,0.57,0.0
425,1180578,131,Corinthians,2,4,8,2,6,2,17,2,3.0,44%,2.0,0.0,4,372,308,83%,1.07,0.0
426,1180580,121,Palmeiras,8,10,24,6,15,9,17,6,2.0,53%,4.0,1.0,3,417,351,84%,2.17,0.0
427,1180580,126,Sao Paulo,4,4,8,0,4,4,12,1,1.0,47%,3.0,2.0,6,380,312,82%,0.62,0.0
428,1180584,140,Criciuma,8,10,19,1,5,14,15,9,4.0,51%,3.0,0.0,2,434,352,81%,1.02,0.0
429,1180584,133,Vasco DA Gama,4,5,13,4,9,4,7,10,1.0,49%,2.0,0.0,6,429,349,81%,1.42,0.0
430,1180583,144,Atletico Goianiense,5,4,13,4,8,5,11,4,1.0,42%,3.0,0.0,6,332,248,75%,0.71,0.0
431,1180583,119,Internacional,6,5,19,8,10,9,6,7,0.0,58%,0.0,0.0,4,466,380,82%,1.96,0.0
432,1180579,120,Botafogo,9,7,19,3,14,5,17,5,3.0,54%,4.0,0.0,2,472,425,90%,3.3,0.0
433,1180579,127,Flamengo,4,4,10,2,4,6,7,2,0.0,46%,2.0,0.0,5,400,338,85%,0.82,0.0
434,1180582,134,Atletico Paranaense,7,10,23,6,15,8,17,10,1.0,60%,4.0,0.0,3,462,389,84%,1.66,0.0
435,1180582,152,Juventude,5,2,8,1,5,3,10,4,1.0,40%,2.0,0.0,6,314,222,71%,1.13,0.0
436,1180577,136,Vitoria,5,5,14,4,9,5,10,4,0.0,30%,1.0,1.0,10,216,149,69%,1.41,0.0
437,1180577,135,Cruzeiro,12,8,25,5,16,9,13,7,0.0,70%,3.0,0.0,3,495,420,85%,1.23,0.0
438,1180593,144,Atletico Goianiense,7,7,18,4,11,7,17,4,0.0,40%,5.0,1.0,2,269,206,77%,1.78,0.0
439,1180593,152,Juventude,3,5,13,5,4,9,10,5,2.0,60%,6.0,1.0,5,394,325,82%,0.57,0.0
440,1180590,121,Palmeiras,9,3,14,2,8,6,16,7,1.0,58%,1.0,0.0,3,449,383,85%,2.45,0.0
441,1180590,1193,Cuiaba,3,4,10,3,7,3,6,1,2.0,42%,1.0,0.0,4,334,284,85%,0.68,0.0
442,1180586,1062,Atletico-MG,0,14,19,5,6,13,19,5,1.0,60%,5.0,0.0,5,475,400,84%,0.52,0.0
443,1180586,124,Fluminense,6,1,8,1,4,4,7,2,0.0,40%,2.0,0.0,0,333,261,78%,0.69,0.0
444,1180587,118,Bahia,7,9,17,1,10,7,19,4,3.0,53%,4.0,0.0,5,405,346,85%,0.93,2.0
445,1180587,120,Botafogo,5,4,14,5,10,4,21,7,2.0,47%,4.0,0.0,7,359,299,83%,0.72,2.0
446,1180594,140,Criciuma,4,9,19,6,4,15,15,6,3.0,47%,2.0,0.0,3,394,312,79%,0.89,0.0
447,1180594,130,Gremio,4,3,14,7,8,6,8,9,4.0,53%,1.0,0.0,4,450,377,84%,1.22,0.0
448,1180592,154,Fortaleza EC,5,3,8,0,5,3,14,3,2.0,44%,3.0,0.0,2,342,289,85%,0.95,0.0
449,1180592,131,Corinthians,3,1,10,6,7,3,16,9,2.0,56%,3.0,0.0,4,432,349,81%,0.64,0.0
450,1180591,126,Sao Paulo,3,5,12,4,7,5,7,4,1.0,58%,0.0,0.0,3,537,481,90%,0.66,-1.0
451,1180591,136,Vitoria,4,4,10,2,5,5,8,3,0.0,42%,2.0,0.0,1,373,324,87%,1.25,-1.0
452,1180585,119,Internacional,9,8,19,2,15,4,12,12,0.0,44%,3.0,0.0,3,376,293,78%,2.58,1.0
453,1180585,135,Cruzeiro,3,2,5,0,3,2,9,3,0.0,56%,2.0,0.0,8,505,395,78%,0.12,1.0
454,1180588,127,Flamengo,7,2,13,4,7,6,13,6,1.0,56%,1.0,0.0,1,465,391,84%,1.26,0.0
455,1180588,794,RB Bragantino,2,9,12,1,3,9,12,10,1.0,44%,1.0,0.0,6,360,293,81%,1.06,0.0
456,1180589,133,Vasco DA Gama,5,1,7,1,6,1,10,4,4.0,46%,1.0,0.0,3,334,274,82%,0.65,0.0
457,1180589,134,Atletico Paranaense,4,4,9,1,4,5,11,5,1.0,54%,2.0,1.0,2,405,332,82%,0.68,0.0
458,1180396,135,Cruzeiro,4,12,19,3,9,10,12,10,1.0,69%,2.0,0.0,0,442,371,84%,1.65,1.0
459,1180396,119,Internacional,0,1,1,0,0,1,13,3,1.0,31%,7.0,1.0,4,214,141,66%,0.02,1.0
460,1180544,140,Criciuma,2,6,14,6,10,4,17,6,0.0,49%,3.0,0.0,6,350,276,79%,0.84,0.0
461,1180544,794,RB Bragantino,6,9,15,0,9,6,15,8,1.0,51%,3.0,0.0,1,363,290,80%,1.11,0.0
462,1180603,1193,Cuiaba,3,12,22,7,13,9,16,5,0.0,45%,3.0,0.0,3,385,327,85%,1.1,-1.0
463,1180603,140,Criciuma,3,6,12,3,7,5,9,5,3.0,55%,0.0,0.0,1,484,414,86%,0.51,-1.0
464,1180599,120,Botafogo,7,8,22,7,14,8,13,9,2.0,64%,3.0,0.0,1,566,497,88%,1.96,0.0
465,1180599,154,Fortaleza EC,1,5,10,4,3,7,8,6,0.0,36%,4.0,0.0,5,317,238,75%,0.38,0.0
466,1180595,130,Gremio,5,5,11,1,8,3,11,5,0.0,28%,1.0,1.0,10,208,158,76%,2.11,0.0
467,1180595,1062,Atletico-MG,13,8,27,6,15,12,17,9,3.0,72%,3.0,0.0,2,541,483,89%,2.8,0.0
468,1180596,135,Cruzeiro,6,3,11,2,8,3,13,8,0.0,49%,2.0,0.0,3,432,366,85%,1.75,0.0
469,1180596,144,Atletico Goianiense,4,11,17,2,16,1,7,3,3.0,51%,5.0,0.0,3,441,383,87%,1.38,0.0
470,1180600,131,Corinthians,4,6,13,3,7,6,18,5,3.0,43%,5.0,2.0,2,326,263,81%,1.53,0.0
471,1180600,127,Flamengo,3,5,10,2,6,4,18,2,0.0,57%,4.0,1.0,2,448,383,85%,1.26,0.0
472,1180598,124,Fluminense,5,3,10,2,6,4,13,5,0.0,44%,4.0,0.0,2,420,365,87%,0.46,-1.0
473,1180598,126,Sao Paulo,2,6,15,7,8,7,16,4,0.0,56%,4.0,0.0,3,511,454,89%,0.83,-1.0
474,1180602,134,Atletico Paranaense,9,4,15,2,8,7,10,4,0.0,47%,2.0,0.0,8,446,361,81%,0.9,0.0
475,1180602,121,Palmeiras,10,3,19,6,16,3,9,4,2.0,53%,1.0,0.0,9,527,426,81%,2.82,0.0
476,1180597,136,Vitoria,5,9,21,7,12,9,7,10,1.0,47%,3.0,0.0,5,373,304,82%,1.36,0.0
477,1180597,133,Vasco DA Gama,6,2,9,1,5,4,7,3,2.0,53%,3.0,0.0,5,443,361,81%,0.38,0.0
478,1180604,152,Juventude,5,6,14,3,6,8,13,6,0.0,37%,1.0,1.0,4,267,180,67%,0.68,0.0
479,1180604,119,Internacional,8,8,18,2,14,4,17,4,1.0,63%,2.0,0.0,4,476,399,84%,3.07,0.0
480,1180601,794,RB Bragantino,6,7,15,2,7,8,8,5,3.0,30%,2.0,0.0,5,255,194,76%,0.86,0.0
481,1180601,118,Bahia,6,7,16,3,13,3,13,10,1.0,70%,3.0,0.0,4,613,548,89%,0.88,0.0
482,1180513,1193,Cuiaba,3,4,12,5,6,6,17,3,0.0,53%,3.0,0.0,3,428,355,83%,0.65,0.0
483,1180513,152,Juventude,3,6,9,0,6,3,11,3,2.0,47%,1.0,0.0,3,380,307,81%,0.55,0.0
484,1180613,144,Atletico Goianiense,4,5,13,4,10,3,14,9,0.0,64%,3.0,0.0,2,462,407,88%,1.2,1.0
485,1180613,136,Vitoria,4,2,7,1,3,4,14,5,0.0,36%,6.0,0.0,5,271,217,80%,0.92,1.0
486,1180612,134,Atletico Paranaense,9,10,28,9,19,9,12,13,3.0,55%,2.0,0.0,2,478,387,81%,2.97,1.0
487,1180612,154,Fortaleza EC,3,5,10,2,5,5,10,4,0.0,45%,2.0,0.0,7,389,307,79%,1.14,1.0
488,1180609,120,Botafogo,10,4,21,7,12,9,12,6,0.0,57%,1.0,0.0,1,528,455,86%,2.3,1.0
489,1180609,131,Corinthians,2,7,12,3,8,4,7,3,1.0,43%,3.0,0.0,8,388,324,84%,1.98,1.0
490,1180610,121,Palmeiras,8,3,14,3,8,6,12,4,3.0,54%,0.0,1.0,5,441,373,85%,1.71,-2.0
491,1180610,140,Criciuma,5,6,14,3,4,10,11,6,1.0,46%,2.0,0.0,4,377,315,84%,0.62,-2.0
492,1180614,152,Juventude,5,4,12,3,6,6,8,8,2.0,53%,5.0,0.0,0,430,354,82%,0.57,0.0
493,1180614,124,Fluminense,1,5,8,2,5,3,9,5,1.0,47%,4.0,0.0,3,404,327,81%,0.69,0.0
494,1180611,794,RB Bragantino,6,9,23,8,11,12,12,6,2.0,47%,5.0,0.0,2,299,234,78%,1.92,0.0
495,1180611,130,Gremio,4,3,8,1,5,3,7,7,1.0,53%,1.0,0.0,4,346,277,80%,0.96,0.0
496,1180607,118,Bahia,4,6,16,6,7,9,17,6,1.0,55%,1.0,0.0,2,531,463,87%,1.54,-1.0
497,1180607,1062,Atletico-MG,2,1,5,2,1,4,16,1,3.0,45%,3.0,0.0,1,447,380,85%,0.54,-1.0
498,1180608,127,Flamengo,3,9,17,5,11,6,10,5,3.0,61%,0.0,0.0,1,538,471,88%,2.02,0.0
499,1180608,133,Vasco DA Gama,2,3,9,4,3,6,10,6,1.0,39%,1.0,0.0,2,339,270,80%,0.99,0.0
500,1180606,135,Cruzeiro,1,9,14,4,6,8,11,7,1.0,61%,4.0,0.0,3,502,434,86%,0.58,0.0
501,1180606,126,Sao Paulo,4,5,14,5,13,1,10,7,1.0,39%,3.0,0.0,1,332,264,80%,1.07,0.0
502,1180605,119,Internacional,7,6,15,2,9,6,8,2,3.0,67%,1.0,0.0,0,660,592,90%,3.33,0.0
503,1180605,1193,Cuiaba,0,2,2,0,1,1,10,3,2.0,33%,2.0,0.0,4,319,261,82%,0.34,0.0
504,1180620,131,Corinthians,6,6,17,5,10,7,7,6,3.0,61%,3.0,0.0,3,568,479,84%,3.11,-1.0
505,1180620,144,Atletico Goianiense,3,8,14,3,6,8,17,1,1.0,39%,4.0,0.0,3,374,300,80%,0.71,-1.0
506,1180617,136,Vitoria,2,8,13,3,3,10,12,4,3.0,36%,3.0,0.0,2,264,198,75%,1.09,0.0
507,1180617,152,Juventude,2,6,11,3,6,5,15,5,0.0,64%,4.0,0.0,1,469,405,86%,0.9,0.0
508,1180618,124,Fluminense,5,7,13,1,5,8,13,5,0.0,50%,1.0,0.0,6,410,351,86%,0.39,1.0
509,1180618,120,Botafogo,6,1,9,2,6,3,17,4,3.0,50%,1.0,0.0,5,424,354,83%,1.46,1.0
510,1180622,154,Fortaleza EC,7,1,11,3,9,2,13,2,3.0,37%,2.0,1.0,3,380,317,83%,1.43,0.0
511,1180622,118,Bahia,4,2,9,3,3,6,9,1,4.0,63%,1.0,0.0,3,650,585,90%,0.53,0.0
512,1180619,133,Vasco DA Gama,3,6,10,1,3,7,8,5,0.0,55%,1.0,0.0,2,414,328,79%,0.26,0.0
513,1180619,121,Palmeiras,3,8,14,3,8,6,14,5,2.0,45%,2.0,0.0,3,350,269,77%,1.5,0.0
514,1180616,1062,Atletico-MG,8,5,13,0,9,4,14,4,2.0,50%,2.0,0.0,3,381,288,76%,2.48,0.0
515,1180616,794,RB Bragantino,3,3,8,2,4,4,9,2,1.0,50%,3.0,0.0,5,376,283,75%,0.56,0.0
516,1180621,126,Sao Paulo,2,3,7,2,4,3,18,2,5.0,61%,4.0,0.0,3,458,387,84%,0.62,0.0
517,1180621,119,Internacional,6,4,14,4,10,4,16,4,2.0,39%,1.0,0.0,1,284,213,75%,0.9,0.0
518,1180615,130,Gremio,3,5,12,4,7,5,6,4,1.0,44%,1.0,0.0,6,373,306,82%,1.56,-1.0
519,1180615,127,Flamengo,8,7,20,5,12,8,13,6,1.0,56%,0.0,1.0,1,478,434,91%,1.42,-1.0
520,1180623,1193,Cuiaba,4,5,9,0,3,6,10,4,2.0,48%,0.0,0.0,2,433,370,85%,0.33,0.0
521,1180623,135,Cruzeiro,2,5,13,6,9,4,10,5,0.0,52%,1.0,1.0,4,472,401,85%,0.89,0.0
522,1180624,140,Criciuma,6,11,24,7,16,8,11,12,0.0,64%,2.0,0.0,3,483,395,82%,1.28,1.0
523,1180624,134,Atletico Paranaense,3,5,10,2,6,4,12,1,0.0,36%,2.0,0.0,7,285,188,66%,0.56,1.0
524,1180395,130,Gremio,3,5,14,6,11,3,8,6,0.0,65%,2.0,0.0,2,597,528,88%,1.28,0.0
525,1180395,140,Criciuma,4,5,11,2,3,8,12,3,1.0,35%,5.0,0.0,2,322,259,80%,0.77,0.0
526,1180511,794,RB Bragantino,4,3,10,3,6,4,13,1,0.0,43%,3.0,0.0,9,341,262,77%,1.13,-1.0
527,1180511,119,Internacional,11,9,24,4,18,6,11,9,2.0,57%,2.0,0.0,2,441,371,84%,2.23,-1.0
528,1180630,121,Palmeiras,8,3,15,4,9,6,15,7,2.0,43%,2.0,0.0,3,321,254,79%,2.61,0.0
529,1180630,1062,Atletico-MG,3,2,6,1,2,4,10,3,1.0,57%,2.0,0.0,6,426,350,82%,0.29,0.0
530,1180629,120,Botafogo,3,6,15,6,5,10,10,5,2.0,63%,2.0,0.0,4,471,421,89%,1.02,0.0
531,1180629,130,Gremio,4,5,11,2,5,6,14,3,0.0,37%,3.0,1.0,3,285,227,80%,0.79,0.0
532,1180634,152,Juventude,6,5,12,1,5,7,9,4,1.0,52%,1.0,0.0,5,374,313,84%,1.29,0.0
533,1180634,794,RB Bragantino,6,6,15,3,8,7,19,5,0.0,48%,6.0,0.0,5,345,271,79%,1.11,0.0
534,1180631,126,Sao Paulo,8,6,19,5,13,6,18,7,2.0,53%,6.0,0.0,2,385,325,84%,2.7,0.0
535,1180631,131,Corinthians,3,5,11,3,6,5,17,2,2.0,47%,6.0,2.0,5,339,273,81%,0.7,0.0
536,1180633,144,Atletico Goianiense,7,7,16,2,8,8,15,4,2.0,40%,0.0,0.0,2,318,261,82%,1.43,0.0
537,1180633,124,Fluminense,2,7,13,4,8,5,14,3,0.0,60%,2.0,0.0,6,493,423,86%,1.5,0.0
538,1180632,154,Fortaleza EC,6,6,15,3,11,4,18,7,2.0,54%,2.0,0.0,1,457,393,86%,0.75,0.0
539,1180632,1193,Cuiaba,1,1,2,0,1,1,9,3,7.0,46%,4.0,0.0,6,404,321,79%,0.05,0.0
540,1180627,118,Bahia,7,10,21,4,18,3,10,9,0.0,55%,1.0,0.0,1,509,435,85%,2.23,0.0
541,1180627,140,Criciuma,1,1,2,0,2,0,8,1,5.0,45%,2.0,0.0,5,428,356,83%,0.14,0.0
542,1180625,119,Internacional,5,2,10,3,8,2,26,2,0.0,54%,3.0,0.0,3,501,425,85%,2.32,0.0
543,1180625,136,Vitoria,4,1,7,2,6,1,8,6,4.0,46%,1.0,0.0,2,420,353,84%,0.66,0.0
544,1180626,135,Cruzeiro,6,8,15,1,9,6,7,11,1.0,56%,0.0,0.0,3,447,371,83%,0.87,0.0
545,1180626,133,Vasco DA Gama,4,6,13,3,4,9,6,4,0.0,44%,3.0,1.0,5,352,283,80%,1.18,0.0
546,1180628,127,Flamengo,5,3,17,9,10,7,12,6,2.0,70%,2.0,0.0,1,705,638,90%,0.7,0.0
547,1180628,134,Atletico Paranaense,1,3,7,3,4,3,13,1,3.0,30%,2.0,0.0,3,305,231,76%,0.42,0.0
548,1180644,140,Criciuma,5,7,17,5,10,7,16,7,1.0,47%,1.0,0.0,3,380,297,78%,1.35,0.0
549,1180644,144,Atletico Goianiense,3,9,14,2,6,8,7,6,1.0,53%,4.0,0.0,3,439,356,81%,0.39,0.0
550,1180638,124,Fluminense,5,6,14,3,7,7,19,2,1.0,47%,8.0,0.0,4,382,311,81%,1.55,0.0
551,1180638,135,Cruzeiro,5,6,13,2,10,3,16,2,1.0,53%,3.0,0.0,4,433,355,82%,1.5,0.0
552,1180635,130,Gremio,6,5,16,5,10,6,11,10,2.0,38%,2.0,1.0,4,340,261,77%,1.69,-1.0
553,1180635,154,Fortaleza EC,5,2,7,0,4,3,9,2,1.0,62%,4.0,1.0,2,584,493,84%,0.32,-1.0
554,1180642,134,Atletico Paranaense,3,14,26,9,14,12,8,8,0.0,53%,2.0,0.0,2,437,357,82%,2.0,1.0
555,1180642,120,Botafogo,3,5,11,3,5,6,20,3,2.0,47%,4.0,0.0,3,401,312,78%,1.23,1.0
556,1180641,794,RB Bragantino,5,5,17,7,8,9,7,1,3.0,41%,4.0,1.0,5,353,263,75%,0.84,0.0
557,1180641,121,Palmeiras,5,6,14,3,7,7,14,3,0.0,59%,3.0,1.0,5,513,434,85%,1.41,0.0
558,1180636,1062,Atletico-MG,3,8,14,3,6,8,13,2,1.0,56%,1.0,1.0,1,491,417,85%,1.0,0.0
559,1180636,136,Vitoria,3,5,9,1,6,3,14,5,3.0,44%,0.0,0.0,1,376,310,82%,0.96,0.0
560,1180637,118,Bahia,2,5,9,2,6,3,20,3,3.0,46%,5.0,1.0,4,460,381,83%,1.03,0.0
561,1180637,127,Flamengo,6,4,13,3,8,5,11,7,4.0,54%,4.0,0.0,2,538,456,85%,2.65,0.0
562,1180640,131,Corinthians,6,6,15,3,12,3,11,9,3.0,53%,6.0,0.0,0,430,349,81%,1.96,0.0
563,1180640,119,Internacional,3,2,9,4,5,4,14,9,0.0,47%,4.0,0.0,4,367,302,82%,0.63,0.0
564,1180643,1193,Cuiaba,3,1,7,3,5,2,12,3,1.0,22%,2.0,0.0,3,203,139,68%,0.82,-1.0
565,1180643,126,Sao Paulo,3,7,12,2,5,7,8,7,1.0,78%,2.0,0.0,1,718,644,90%,0.58,-1.0
566,1180639,133,Vasco DA Gama,3,6,16,7,8,8,14,3,3.0,54%,1.0,1.0,4,403,318,79%,1.24,0.0
567,1180639,152,Juventude,5,7,17,5,13,4,13,6,1.0,46%,3.0,0.0,2,325,241,74%,1.55,0.0
568,1180406,1062,Atletico-MG,5,7,14,2,8,6,15,4,0.0,45%,4.0,0.0,3,368,312,85%,1.83,0.0
569,1180406,130,Gremio,4,5,14,5,7,7,7,10,1.0,55%,3.0,0.0,3,438,376,86%,1.4,0.0
570,1180651,126,Sao Paulo,5,6,13,2,7,6,8,3,1.0,47%,1.0,0.0,3,389,331,85%,1.29,-1.0
571,1180651,133,Vasco DA Gama,3,4,9,2,7,2,5,5,1.0,53%,0.0,0.0,3,432,364,84%,1.04,-1.0
572,1180652,154,Fortaleza EC,1,8,14,5,5,9,9,7,0.0,46%,1.0,2.0,4,382,307,80%,0.71,0.0
573,1180652,1062,Atletico-MG,5,9,18,4,10,8,10,3,3.0,54%,3.0,0.0,0,446,392,88%,1.37,0.0
574,1180648,127,Flamengo,5,7,19,7,11,8,15,5,3.0,60%,1.0,0.0,1,514,436,85%,1.38,1.0
575,1180648,124,Fluminense,3,3,12,6,7,5,15,1,1.0,40%,3.0,0.0,5,349,274,79%,2.1,1.0
576,1180650,131,Corinthians,8,4,14,2,9,5,9,3,0.0,61%,3.0,0.0,4,565,479,85%,1.9,-1.0
577,1180650,134,Atletico Paranaense,6,12,22,4,13,9,7,8,2.0,39%,3.0,0.0,4,338,272,80%,1.46,-1.0
578,1180653,144,Atletico Goianiense,4,7,16,5,8,8,17,8,0.0,60%,2.0,0.0,0,461,392,85%,1.12,1.0
579,1180653,1193,Cuiaba,0,2,6,4,3,3,15,4,1.0,40%,3.0,0.0,4,316,230,73%,0.67,1.0
580,1180649,120,Botafogo,7,8,25,10,17,8,12,9,1.0,74%,1.0,0.0,2,687,601,87%,2.63,2.0
581,1180649,140,Criciuma,3,3,6,0,3,3,10,1,2.0,26%,2.0,0.0,6,247,172,70%,0.28,2.0
582,1180646,135,Cruzeiro,3,7,11,1,6,5,10,5,2.0,49%,1.0,0.0,3,399,335,84%,1.11,0.0
583,1180646,118,Bahia,4,6,10,0,8,2,8,7,5.0,51%,2.0,0.0,2,422,353,84%,1.2,0.0
584,1180645,119,Internacional,6,6,18,6,12,6,14,3,1.0,64%,1.0,0.0,7,493,412,84%,1.84,0.0
585,1180645,130,Gremio,7,1,9,1,9,0,15,6,1.0,36%,3.0,0.0,5,269,181,67%,0.52,0.0
586,1180647,136,Vitoria,3,5,11,3,6,5,15,5,2.0,49%,2.0,0.0,0,392,327,83%,1.29,0.0
587,1180647,794,RB Bragantino,1,7,9,1,7,2,8,5,0.0,51%,1.0,0.0,2,406,327,81%,0.62,0.0
588,1180654,152,Juventude,6,13,25,6,16,9,15,7,1.0,53%,2.0,0.0,2,341,284,83%,2.28,0.0
589,1180654,121,Palmeiras,7,2,14,5,8,6,19,5,5.0,47%,5.0,0.0,3,328,265,81%,2.65,0.0
590,1180518,124,Fluminense,5,4,14,5,9,5,9,5,1.0,75%,2.0,0.0,2,725,652,90%,1.7,0.0
591,1180518,134,Atletico Paranaense,2,3,6,1,2,4,15,3,1.0,25%,4.0,0.0,4,238,162,68%,0.56,0.0
592,1180539,133,Vasco DA Gama,2,4,13,7,8,5,16,3,0.0,49%,2.0,0.0,2,394,310,79%,0.83,0.0
593,1180539,1193,Cuiaba,2,10,13,1,5,8,14,2,1.0,51%,1.0,0.0,1,407,329,81%,0.6,0.0
594,1180660,121,Palmeiras,6,5,16,5,10,6,9,3,0.0,60%,1.0,0.0,1,482,401,83%,3.72,0.0
595,1180660,154,Fortaleza EC,3,6,11,2,5,6,17,3,0.0,40%,5.0,0.0,4,326,245,75%,0.79,0.0
596,1180658,127,Flamengo,10,7,20,3,13,7,8,8,2.0,74%,3.0,0.0,1,618,552,89%,2.53,0.0
597,1180658,152,Juventude,3,2,5,0,5,0,14,1,1.0,26%,5.0,1.0,6,211,152,72%,0.62,0.0
598,1180655,130,Gremio,5,3,11,3,9,2,14,4,0.0,48%,2.0,0.0,4,379,323,85%,1.97,0.0
599,1180655,144,Atletico Goianiense,5,4,13,4,5,8,18,3,0.0,52%,5.0,0.0,3,396,341,86%,1.46,0.0
600,1180657,136,Vitoria,3,5,12,4,7,5,15,7,2.0,50%,4.0,0.0,4,394,339,86%,1.4,0.0
601,1180657,124,Fluminense,4,3,11,4,6,5,7,5,2.0,50%,2.0,0.0,1,426,363,85%,0.62,0.0
602,1180662,134,Atletico Paranaense,6,8,19,5,15,4,14,7,0.0,58%,0.0,0.0,0,526,465,88%,1.39,-1.0
603,1180662,135,Cruzeiro,0,2,2,0,1,1,14,1,0.0,42%,3.0,1.0,3,391,319,82%,0.12,-1.0
604,1180661,794,RB Bragantino,1,2,6,3,2,4,13,3,1.0,38%,1.0,0.0,3,275,199,72%,0.15,0.0
605,1180661,120,Botafogo,5,9,19,5,12,7,17,6,3.0,62%,1.0,0.0,1,444,359,81%,1.31,0.0
606,1180656,1062,Atletico-MG,3,4,7,0,6,1,15,3,2.0,58%,6.0,1.0,4,357,247,69%,1.13,0.0
607,1180656,119,Internacional,7,3,11,1,9,2,15,3,1.0,42%,2.0,0.0,2,256,163,64%,1.62,0.0
608,1180664,140,Criciuma,3,4,10,3,5,5,13,6,0.0,30%,2.0,0.0,2,277,213,77%,0.72,0.0
609,1180664,126,Sao Paulo,3,5,16,8,8,8,10,7,0.0,70%,0.0,0.0,2,657,583,89%,0.81,0.0
610,1180663,1193,Cuiaba,5,5,13,3,4,9,14,5,1.0,56%,5.0,0.0,2,444,381,86%,0.38,0.0
611,1180663,131,Corinthians,3,2,9,4,6,3,16,2,5.0,44%,2.0,0.0,5,354,292,82%,1.26,0.0
612,1180659,133,Vasco DA Gama,8,4,15,3,9,6,11,2,2.0,48%,3.0,0.0,5,448,372,83%,1.86,0.0
613,1180659,118,Bahia,7,4,12,1,8,4,9,4,0.0,52%,2.0,0.0,5,479,405,85%,1.91,0.0
614,1180515,119,Internacional,5,11,18,2,10,8,14,5,1.0,47%,1.0,0.0,2,395,333,84%,1.55,0.0
615,1180515,127,Flamengo,3,4,12,5,9,3,10,5,5.0,53%,4.0,0.0,3,464,391,84%,1.72,0.0
616,1180668,124,Fluminense,7,7,18,4,11,7,15,8,4.0,62%,6.0,1.0,1,558,489,88%,2.39,0.0
617,1180668,130,Gremio,4,2,7,1,4,3,14,2,0.0,38%,4.0,0.0,5,339,273,81%,1.73,0.0
618,1180671,794,RB Bragantino,4,12,18,2,12,6,8,11,0.0,68%,1.0,0.0,1,542,472,87%,1.0,0.0
619,1180671,1193,Cuiaba,1,5,7,1,5,2,11,5,0.0,32%,3.0,0.0,4,263,182,69%,0.45,0.0
620,1180672,134,Atletico Paranaense,6,11,24,7,14,10,8,9,2.0,64%,1.0,0.0,3,483,389,81%,1.05,0.0
621,1180672,136,Vitoria,5,3,11,3,6,5,13,3,0.0,36%,3.0,0.0,4,282,191,68%,1.19,0.0
622,1180674,152,Juventude,6,7,17,4,11,6,7,5,2.0,60%,3.0,0.0,1,428,358,84%,1.25,1.0
623,1180674,154,Fortaleza EC,4,3,11,4,7,4,14,3,4.0,40%,2.0,0.0,6,289,216,75%,0.92,1.0
624,1180670,131,Corinthians,4,2,6,0,4,2,18,2,1.0,42%,2.0,0.0,4,332,249,75%,0.81,0.0
625,1180670,121,Palmeiras,4,7,17,6,11,6,13,9,4.0,58%,3.0,0.0,2,449,360,80%,1.21,0.0
626,1180667,118,Bahia,6,9,24,9,16,8,13,10,0.0,52%,3.0,0.0,1,434,378,87%,1.44,1.0
627,1180667,126,Sao Paulo,4,2,9,3,3,6,16,3,1.0,48%,2.0,0.0,6,416,361,87%,1.0,1.0
628,1180665,119,Internacional,9,5,20,6,7,13,15,7,2.0,69%,1.0,0.0,4,601,532,89%,1.36,0.0
629,1180665,140,Criciuma,4,1,5,0,1,4,13,3,4.0,31%,2.0,1.0,7,270,199,74%,0.15,0.0
630,1180669,120,Botafogo,4,9,20,7,9,11,13,7,3.0,64%,0.0,0.0,3,578,531,92%,2.59,-1.0
631,1180669,133,Vasco DA Gama,3,5,11,3,8,3,8,4,0.0,36%,3.0,1.0,1,333,282,85%,0.63,-1.0
632,1180666,135,Cruzeiro,5,5,15,5,3,12,8,7,1.0,53%,2.0,0.0,1,431,362,84%,0.73,0.0
633,1180666,127,Flamengo,2,5,10,3,5,5,13,4,3.0,47%,7.0,1.0,5,394,332,84%,0.38,0.0
634,1180673,144,Atletico Goianiense,3,6,13,4,7,6,11,4,0.0,37%,2.0,0.0,5,293,214,73%,0.82,0.0
635,1180673,1062,Atletico-MG,5,5,12,2,6,6,13,7,1.0,63%,2.0,0.0,2,493,415,84%,0.66,0.0
636,1180675,119,Internacional,5,5,14,4,7,7,11,4,4.0,51%,3.0,0.0,2,481,408,85%,0.83,0.0
637,1180675,124,Fluminense,2,5,9,2,6,3,10,4,0.0,49%,1.0,0.0,3,457,373,82%,0.74,0.0
638,1180680,121,Palmeiras,14,11,33,8,17,16,14,14,5.0,63%,5.0,0.0,1,443,351,79%,2.51,2.0
639,1180680,130,Gremio,1,2,6,3,5,1,9,1,3.0,37%,3.0,0.0,14,280,187,67%,0.72,2.0
640,1180679,120,Botafogo,5,14,28,9,15,13,7,8,5.0,74%,0.0,0.0,1,647,582,90%,2.78,1.0
641,1180679,1193,Cuiaba,2,1,4,1,1,3,13,1,0.0,26%,5.0,0.0,5,238,147,62%,0.16,1.0
642,1180677,136,Vitoria,2,3,10,5,6,4,11,14,2.0,41%,4.0,0.0,5,297,230,77%,1.68,0.0
643,1180677,131,Corinthians,7,3,13,3,9,4,11,4,0.0,59%,2.0,0.0,1,460,389,85%,1.0,0.0
644,1180676,135,Cruzeiro,9,10,26,7,14,12,13,6,1.0,63%,3.0,0.0,6,590,501,85%,2.89,0.0
645,1180676,140,Criciuma,7,5,12,0,7,5,11,5,2.0,37%,4.0,0.0,7,338,257,76%,1.05,0.0
646,1180683,144,Atletico Goianiense,4,4,10,2,3,7,14,7,1.0,41%,3.0,0.0,6,317,244,77%,0.36,1.0
647,1180683,794,RB Bragantino,7,7,17,3,10,7,11,6,0.0,59%,2.0,0.0,4,455,375,82%,1.58,1.0
648,1180684,152,Juventude,8,10,20,2,11,9,11,7,3.0,39%,3.0,0.0,2,307,250,81%,2.25,0.0
649,1180684,118,Bahia,3,3,8,2,5,3,9,2,1.0,61%,1.0,0.0,6,518,441,85%,0.66,0.0
650,1180682,154,Fortaleza EC,8,3,14,3,11,3,13,5,2.0,39%,1.0,0.0,3,331,264,80%,2.05,0.0
651,1180682,133,Vasco DA Gama,2,2,4,0,1,3,11,1,3.0,61%,1.0,0.0,6,520,450,87%,0.19,0.0
652,1180681,126,Sao Paulo,3,5,10,2,7,3,5,5,3.0,78%,2.0,0.0,2,651,585,90%,1.43,-1.0
653,1180681,134,Atletico Paranaense,3,3,9,3,1,8,20,6,2.0,22%,5.0,0.0,1,177,125,71%,0.22,-1.0
654,1180678,127,Flamengo,6,10,25,9,16,9,14,7,0.0,54%,1.0,0.0,2,450,377,84%,2.06,2.0
655,1180678,1062,Atletico-MG,2,6,16,8,8,8,7,4,1.0,46%,1.0,0.0,7,388,318,82%,0.84,2.0
656,1180542,134,Atletico Paranaense,5,10,17,2,9,8,11,4,1.0,30%,2.0,0.0,3,256,184,72%,1.46,0.0
657,1180542,1062,Atletico-MG,3,7,13,3,4,9,10,3,1.0,70%,2.0,0.0,4,591,508,86%,0.42,0.0
658,1180690,131,Corinthians,9,4,13,0,11,2,13,3,1.0,45%,3.0,0.0,0,394,326,83%,2.23,0.0
659,1180690,135,Cruzeiro,2,6,8,0,3,5,15,4,1.0,55%,3.0,0.0,6,481,429,89%,0.25,0.0
660,1180692,134,Atletico Paranaense,8,3,11,0,3,8,9,6,1.0,37%,1.0,1.0,5,298,226,76%,1.99,0.0
661,1180692,144,Atletico Goianiense,6,7,20,7,10,10,8,9,1.0,63%,2.0,0.0,6,496,428,86%,1.18,0.0
662,1180694,140,Criciuma,1,8,13,4,7,6,11,6,2.0,49%,1.0,1.0,2,408,339,83%,0.75,0.0
663,1180694,136,Vitoria,3,8,14,3,7,7,18,5,3.0,51%,3.0,0.0,2,433,371,86%,0.95,0.0
664,1180691,794,RB Bragantino,5,11,18,2,12,6,16,1,0.0,43%,3.0,0.0,1,336,274,82%,1.92,0.0
665,1180691,126,Sao Paulo,2,4,10,4,5,5,12,1,0.0,57%,2.0,0.0,4,443,373,84%,0.5,0.0
666,1180687,118,Bahia,5,9,17,3,11,6,15,4,3.0,58%,1.0,0.0,1,478,397,83%,1.7,0.0
667,1180687,121,Palmeiras,2,2,11,7,6,5,14,5,4.0,42%,1.0,0.0,4,335,266,79%,0.43,0.0
668,1180685,130,Gremio,4,6,11,1,7,4,17,5,1.0,56%,3.0,0.0,3,458,389,85%,0.63,-1.0
669,1180685,152,Juventude,5,4,11,2,7,4,16,4,0.0,44%,4.0,0.0,2,355,275,77%,1.53,-1.0
670,1180693,1193,Cuiaba,3,2,5,0,2,3,6,4,1.0,37%,1.0,0.0,5,293,226,77%,0.39,0.0
671,1180693,127,Flamengo,7,8,19,4,9,10,10,10,2.0,63%,2.0,0.0,2,513,456,89%,1.97,0.0
672,1180686,1062,Atletico-MG,0,2,3,1,0,3,9,1,3.0,30%,7.0,1.0,4,233,165,71%,0.09,0.0
673,1180686,120,Botafogo,4,14,27,9,12,15,11,10,0.0,70%,2.0,1.0,0,526,460,87%,2.11,0.0
674,1180689,133,Vasco DA Gama,2,6,12,4,8,4,8,8,5.0,49%,1.0,0.0,6,407,326,80%,1.09,0.0
675,1180689,119,Internacional,7,5,16,4,3,13,10,3,0.0,51%,0.0,0.0,0,438,358,82%,1.26,0.0
676,1180688,124,Fluminense,5,2,10,3,6,4,9,8,1.0,74%,1.0,0.0,3,678,616,91%,0.96,0.0
677,1180688,154,Fortaleza EC,5,4,11,2,6,5,11,3,2.0,26%,3.0,0.0,3,233,182,78%,1.16,0.0
678,1180699,120,Botafogo,9,8,26,9,20,6,10,10,1.0,73%,3.0,1.0,3,650,564,87%,1.82,0.0
679,1180699,136,Vitoria,4,5,10,1,2,8,7,0,1.0,27%,4.0,0.0,9,254,177,70%,0.5,0.0
680,1180703,144,Atletico Goianiense,2,4,9,3,4,5,16,4,1.0,55%,3.0,0.0,2,462,387,84%,0.24,0.0
681,1180703,121,Palmeiras,3,6,10,1,5,5,14,2,0.0,45%,2.0,0.0,2,389,307,79%,0.76,0.0
682,1180704,152,Juventude,4,11,19,4,11,8,9,6,2.0,60%,0.0,0.0,0,500,423,85%,1.25,0.0
683,1180704,1193,Cuiaba,1,4,7,2,4,3,7,5,1.0,40%,3.0,0.0,3,340,262,77%,0.54,0.0
684,1180701,126,Sao Paulo,4,7,13,2,6,7,11,7,0.0,54%,3.0,0.0,1,554,481,87%,0.97,0.0
685,1180701,1062,Atletico-MG,3,0,3,0,2,1,11,1,0.0,46%,5.0,1.0,3,486,409,84%,1.03,0.0
686,1180697,118,Bahia,8,12,25,5,17,8,7,11,1.0,74%,1.0,0.0,2,645,596,92%,2.21,1.0
687,1180697,134,Atletico Paranaense,3,2,6,1,5,1,13,1,4.0,26%,2.0,0.0,7,240,170,71%,0.81,1.0
688,1180695,119,Internacional,7,4,16,5,11,5,16,8,1.0,55%,2.0,0.0,0,415,346,83%,3.01,-1.0
689,1180695,794,RB Bragantino,1,3,5,1,4,1,12,4,1.0,45%,1.0,0.0,3,349,275,79%,0.3,-1.0
690,1180700,131,Corinthians,8,10,23,5,14,9,8,7,1.0,60%,1.0,0.0,1,494,441,89%,1.2,-1.0
691,1180700,133,Vasco DA Gama,2,3,8,3,2,6,14,6,0.0,40%,4.0,0.0,5,337,269,80%,0.27,-1.0
692,1180698,124,Fluminense,3,10,19,6,9,10,6,9,2.0,64%,1.0,0.0,3,589,525,89%,1.05,0.0
693,1180698,140,Criciuma,3,5,10,2,6,4,15,4,2.0,36%,2.0,0.0,3,334,258,77%,0.97,0.0
694,1180702,154,Fortaleza EC,1,4,7,2,4,3,16,5,1.0,39%,2.0,0.0,4,312,246,79%,0.22,0.0
695,1180702,127,Flamengo,4,5,16,7,10,6,14,5,1.0,61%,4.0,1.0,1,517,437,85%,1.32,0.0
696,1180710,121,Palmeiras,5,8,19,6,11,8,9,5,0.0,55%,2.0,1.0,4,385,311,81%,1.54,0.0
697,1180710,120,Botafogo,7,2,13,4,7,6,16,7,1.0,45%,4.0,0.0,5,326,250,77%,1.3,0.0
698,1180706,1062,Atletico-MG,6,10,21,5,18,3,13,9,0.0,64%,1.0,0.0,4,531,464,87%,2.96,0.0
699,1180706,152,Juventude,7,4,13,2,8,5,8,5,2.0,36%,0.0,0.0,3,300,217,72%,1.09,0.0
700,1180696,135,Cruzeiro,3,10,19,6,12,7,16,5,2.0,61%,2.0,0.0,3,571,499,87%,1.55,0.0
701,1180696,130,Gremio,4,3,9,2,6,3,6,1,2.0,39%,1.0,0.0,2,379,314,83%,0.75,0.0
702,1180714,140,Criciuma,4,4,12,4,6,6,10,3,2.0,38%,2.0,0.0,7,338,267,79%,0.68,0.0
703,1180714,131,Corinthians,11,4,19,4,11,8,8,7,3.0,62%,3.0,0.0,2,583,515,88%,2.32,0.0
704,1180713,1193,Cuiaba,2,7,11,2,7,4,9,3,5.0,44%,4.0,0.0,1,403,344,85%,1.6,0.0
705,1180713,118,Bahia,3,5,11,3,6,5,8,3,1.0,56%,1.0,0.0,0,511,461,90%,1.0,0.0
706,1180709,133,Vasco DA Gama,7,7,16,2,8,8,9,5,1.0,61%,2.0,0.0,3,573,505,88%,1.02,-1.0
707,1180709,144,Atletico Goianiense,6,5,12,1,8,4,10,3,3.0,39%,3.0,1.0,5,384,310,81%,1.23,-1.0
708,1180708,127,Flamengo,10,5,17,2,12,5,14,6,4.0,56%,2.0,0.0,4,441,376,85%,2.59,0.0
709,1180708,119,Internacional,6,4,13,3,9,4,12,4,2.0,44%,2.0,0.0,7,343,277,81%,1.17,0.0
710,1180705,130,Gremio,8,2,16,6,14,2,11,10,2.0,38%,1.0,0.0,1,302,243,80%,1.71,0.0
711,1180705,126,Sao Paulo,2,3,7,2,4,3,7,6,2.0,62%,1.0,0.0,6,498,446,90%,0.23,0.0
712,1180712,134,Atletico Paranaense,4,10,16,2,10,6,10,3,0.0,29%,1.0,1.0,3,244,185,76%,1.17,0.0
713,1180712,124,Fluminense,4,3,15,8,10,5,10,8,2.0,71%,2.0,1.0,3,609,539,89%,1.45,0.0
714,1180707,136,Vitoria,8,4,19,7,15,4,13,7,1.0,29%,4.0,0.0,2,221,179,81%,2.74,1.0
715,1180707,154,Fortaleza EC,2,2,11,7,3,8,10,8,0.0,71%,3.0,0.0,6,552,493,89%,0.59,1.0
716,1180711,794,RB Bragantino,2,4,7,1,4,3,11,6,0.0,33%,2.0,0.0,1,300,224,75%,0.37,0.0
717,1180711,135,Cruzeiro,2,9,22,11,11,11,14,10,0.0,67%,2.0,0.0,1,612,560,92%,0.94,0.0
718,1180720,131,Corinthians,7,7,18,4,14,4,12,7,3.0,52%,2.0,0.0,2,517,465,90%,1.78,-1.0
719,1180720,118,Bahia,2,7,12,3,8,4,13,4,1.0,48%,4.0,0.0,4,472,419,89%,0.35,-1.0
720,1180719,133,Vasco DA Gama,4,6,11,1,7,4,20,3,0.0,58%,4.0,0.0,3,442,380,86%,1.32,0.0
721,1180719,1062,Atletico-MG,3,3,11,5,5,6,13,6,2.0,42%,2.0,0.0,2,317,271,85%,0.64,0.0
722,1180721,126,Sao Paulo,2,5,10,3,7,3,9,12,2.0,70%,0.0,0.0,5,604,543,90%,0.5,0.0
723,1180721,152,Juventude,7,4,13,2,6,7,15,2,0.0,30%,2.0,0.0,1,267,207,78%,1.1,0.0
724,1180717,136,Vitoria,5,10,25,10,12,13,13,7,3.0,49%,1.0,0.0,1,439,377,86%,1.49,0.0
725,1180717,130,Gremio,2,4,7,1,4,3,10,1,0.0,51%,2.0,0.0,4,487,410,84%,0.64,0.0
726,1180724,140,Criciuma,4,6,16,6,8,8,16,7,1.0,38%,1.0,0.0,4,368,297,81%,0.8,0.0
727,1180724,127,Flamengo,7,2,12,3,8,4,6,3,0.0,62%,0.0,0.0,4,632,554,88%,1.61,0.0
728,1180715,119,Internacional,6,6,14,2,8,6,9,10,0.0,67%,5.0,0.0,0,508,427,84%,0.84,1.0
729,1180715,120,Botafogo,1,1,2,0,0,2,12,1,5.0,33%,1.0,0.0,6,266,184,69%,0.08,1.0
730,1180716,135,Cruzeiro,3,5,9,1,5,4,14,7,1.0,46%,3.0,0.0,9,414,351,85%,0.62,0.0
731,1180716,121,Palmeiras,12,10,31,9,19,12,13,6,0.0,54%,1.0,0.0,2,486,426,88%,2.97,0.0
732,1180723,144,Atletico Goianiense,9,7,26,10,13,13,13,5,2.0,56%,4.0,0.0,3,465,397,85%,1.28,0.0
733,1180723,154,Fortaleza EC,4,2,12,6,8,4,16,3,0.0,44%,3.0,0.0,5,372,299,80%,1.57,0.0
734,1180718,124,Fluminense,6,12,24,6,11,13,14,10,1.0,58%,3.0,0.0,3,499,440,88%,1.88,1.0
735,1180718,1193,Cuiaba,3,0,3,0,0,3,9,3,1.0,42%,4.0,0.0,5,369,299,81%,0.05,1.0
736,1180722,134,Atletico Paranaense,7,6,22,9,8,14,14,6,0.0,55%,1.0,0.0,2,383,293,77%,1.87,1.0
737,1180722,794,RB Bragantino,4,7,13,2,6,7,15,4,1.0,45%,5.0,0.0,6,333,257,77%,0.83,1.0
738,1180727,118,Bahia,5,6,17,6,13,4,15,4,2.0,48%,3.0,0.0,2,312,248,79%,2.98,0.0
739,1180727,144,Atletico Goianiense,2,7,13,4,5,8,11,5,2.0,52%,1.0,0.0,3,337,276,82%,0.36,0.0
740,1180729,120,Botafogo,8,8,17,1,10,7,8,3,1.0,46%,0.0,0.0,0,504,466,92%,1.88,0.0
741,1180729,126,Sao Paulo,1,3,5,1,1,4,3,0,0.0,54%,0.0,0.0,5,600,544,91%,0.32,0.0
742,1180730,121,Palmeiras,3,7,11,1,4,7,14,11,2.0,58%,2.0,0.0,4,401,318,79%,0.42,0.0
743,1180730,124,Fluminense,5,2,7,0,4,3,11,2,0.0,42%,5.0,0.0,3,312,215,69%,0.56,0.0
744,1180728,127,Flamengo,4,8,23,11,15,8,7,6,0.0,68%,0.0,0.0,3,621,554,89%,1.92,0.0
745,1180728,136,Vitoria,5,5,12,2,5,7,8,4,2.0,32%,2.0,0.0,2,290,227,78%,0.96,0.0
746,1180725,130,Gremio,4,7,17,6,12,5,11,6,0.0,35%,2.0,1.0,3,274,222,81%,0.66,1.0
747,1180725,131,Corinthians,6,9,19,4,9,10,14,7,1.0,65%,3.0,1.0,5,535,484,90%,1.98,1.0
748,1180734,152,Juventude,7,7,21,7,13,8,13,8,0.0,50%,3.0,2.0,0,351,299,85%,1.42,1.0
749,1180734,135,Cruzeiro,1,5,8,2,5,3,13,1,3.0,50%,4.0,1.0,7,375,310,83%,0.35,1.0
750,1180732,154,Fortaleza EC,5,2,10,3,7,3,8,4,4.0,37%,1.0,0.0,1,292,217,74%,1.24,-1.0
751,1180732,119,Internacional,1,6,11,4,5,6,13,3,2.0,63%,2.0,0.0,2,497,420,85%,1.18,-1.0
752,1180731,794,RB Bragantino,8,4,18,6,13,5,9,6,0.0,48%,1.0,0.0,3,292,241,83%,2.9,0.0
753,1180731,140,Criciuma,4,2,7,1,6,1,13,8,0.0,52%,3.0,0.0,3,324,261,81%,0.34,0.0
754,1180726,1062,Atletico-MG,7,4,14,3,5,9,12,5,0.0,62%,3.0,0.0,4,444,383,86%,1.37,1.0
755,1180726,134,Atletico Paranaense,4,2,7,1,3,4,16,4,2.0,38%,3.0,0.0,6,262,191,73%,0.39,1.0
756,1180733,1193,Cuiaba,4,4,11,3,7,4,15,2,0.0,33%,0.0,0.0,2,317,262,83%,1.95,0.0
757,1180733,133,Vasco DA Gama,4,4,11,3,8,3,8,5,2.0,67%,1.0,0.0,3,661,608,92%,1.15,0.0
